timestamp,line,machine,shift,product_type,batch_size,operator_experience_years,setup_time_min,cycle_time_min,wait_time_min,temperature_F,pressure_bar,vibration_mm_s,torque_Nm,humidity_pct,energy_kwh,defect,defect_count,failure,sensor_01,sensor_02,sensor_03,sensor_04,sensor_05,sensor_06,sensor_07,sensor_08,sensor_09,sensor_10,sensor_11,sensor_12
2025-10-06 17:45:00,Line-B,M3,Swing,P4,15,1.8,16.7,25.67,11.84,,32.34,2.784,57.52,34.3,4.863,0,0,0,0.689,0.813,0.661,1.254,0.885,0.933,0.58,1.029,1.841,-0.584,-0.032,-0.356
2025-09-13 13:17:00,Line-A,M3,Day,P1,36,2.1,7.59,26.8,17.49,77.94,33.38,3.925,66.79,53.2,4.548,0,0,1,1.091,1.079,0.643,1.503,1.752,1.542,1.439,1.966,2.31,1.258,1.077,1.119
2025-09-07 07:09:00,Line-B,M5,Night,P3,10,8.1,13.99,16.2,8.81,55.87,22.46,1.556,46.21,26.8,3.703,0,0,0,-2.526,-1.293,-1.839,-1.51,-1.194,-0.169,0.094,0.038,0.625,-3.349,-2.683,-2.868
2025-10-04 03:18:00,Line-B,M4,Day,P1,6,3.6,7.77,28.34,22.36,78.74,33.2,,58.8,42.5,4.424,0,0,0,1.148,0.818,1.873,1.406,1.58,-0.179,-0.252,0.362,0.306,1.599,1.112,0.522
2025-10-25 04:42:00,Line-B,M5,Swing,P2,5,0.2,17.78,22.35,12.72,70.74,31.47,3.559,57.37,37.9,4.662,0,0,1,-0.083,0.448,0.594,0.594,0.958,1.059,2.479,2.061,2.241,-1.042,-1.144,-1.028
2025-10-04 19:35:00,Line-A,M2,Swing,P2,33,7.4,10.6,22.32,7.49,71.08,28.66,2.237,49.34,38.6,4.514,0,0,0,0.246,0.408,0.325,-0.338,0.48,0.383,1.511,0.959,0.167,-0.114,0.093,-0.337
2025-09-10 23:04:00,Line-A,M1,Swing,P3,40,3.5,15.55,18.85,8.5,58.11,25.47,0.996,50.9,36.2,3.68,0,0,0,-0.721,-0.375,-0.926,-1.24,-0.875,0.59,0.128,-0.126,-0.454,-0.757,-1.97,-1.2
2025-10-26 06:47:00,Line-B,M1,Swing,P3,49,4.1,18.34,26.1,7.6,70.32,29.36,2.839,58.55,44.8,4.344,0,0,0,0.029,-0.052,-0.457,-0.188,0.111,1.144,1.437,1.104,1.285,-0.076,-0.1,-0.444
2025-10-10 12:50:00,Line-A,M5,Day,P1,17,7.6,12.1,24.88,16.34,74.71,31.73,1.292,56.53,42.8,3.988,0,0,0,0.421,0.58,1.32,0.448,1.302,-1.035,-0.059,-0.275,0.139,0.99,-0.24,-0.12
2025-09-29 14:08:00,Line-A,M5,Day,P1,49,5.3,8.9,19.69,1.34,62.15,22.25,1.821,48.76,41.0,4.316,0,0,0,-1.207,-0.202,-0.732,-0.991,-0.749,-0.144,-0.231,0.016,0.31,-1.249,-0.838,-1.358
2025-10-09 02:11:00,Line-B,M4,Swing,P1,6,0.2,6.76,29.61,13.07,64.58,30.35,1.824,55.88,32.8,4.489,0,0,0,0.179,0.753,0.647,0.724,0.425,-0.569,0.301,0.346,0.085,-1.438,-0.226,-0.942
2025-09-09 12:54:00,Line-A,M1,Night,P4,23,4.6,17.66,26.49,18.74,80.99,36.11,0.976,56.93,32.9,4.505,0,0,0,0.68,1.167,1.442,2.249,1.426,-1.061,-0.871,-1.095,-1.067,-0.085,0.608,0.31
2025-10-22 10:01:00,Line-B,M3,Day,P1,56,2.6,9.64,25.5,6.04,67.06,26.03,0.525,53.8,49.0,4.243,0,0,0,-0.322,0.071,-0.005,-0.285,0.332,-0.701,-0.766,-1.065,-0.918,-0.216,0.548,0.387
2025-10-12 07:05:00,Line-A,M2,Day,P1,10,4.3,12.66,26.44,16.55,81.49,37.64,2.171,61.78,38.3,4.769,0,0,0,1.668,1.924,,1.597,1.537,-0.383,-0.051,-0.039,0.116,1.748,1.183,1.278
2025-10-05 03:26:00,Line-B,M4,Night,P2,19,6.4,12.1,21.06,6.19,61.29,24.01,2.242,47.05,38.7,4.355,0,0,0,-1.018,-0.756,-1.014,-0.971,-0.958,0.799,0.849,0.794,0.552,-1.439,-0.969,-1.564
2025-09-01 06:46:00,Line-A,M3,Swing,P1,10,5.5,10.83,19.24,5.19,58.62,23.9,1.594,50.86,44.5,3.871,0,0,0,-0.983,-1.079,-0.584,-1.07,-0.671,0.083,0.021,0.677,0.695,-0.23,-0.488,-0.876
2025-10-10 14:00:00,Line-A,M4,Swing,P4,18,4.4,20.58,25.71,8.42,71.15,32.21,2.803,56.04,41.7,3.801,1,0,0,0.573,-0.53,0.208,0.046,0.778,1.248,1.565,0.904,0.785,0.297,-0.203,-1.0
2025-09-20 23:30:00,Line-B,M3,Swing,P1,29,7.0,11.55,22.24,6.39,62.53,26.8,1.926,50.32,40.7,3.956,0,0,0,-0.99,-0.426,-0.947,-0.69,-0.867,0.183,0.202,0.271,0.393,-0.927,-0.692,-0.985
2025-10-22 01:13:00,Line-B,M2,Day,P1,33,6.4,8.62,28.86,15.94,,,1.552,62.52,45.7,4.556,0,0,0,0.531,0.896,,1.243,1.061,-0.872,-0.519,-0.138,-0.517,-0.076,0.736,0.088
2025-10-10 22:36:00,Line-A,M4,Day,P1,10,3.9,8.3,30.91,18.78,80.63,35.77,0.65,61.66,38.7,4.974,0,0,0,1.393,2.514,1.392,2.174,1.911,-1.456,-1.3,-0.629,-0.736,-0.366,0.137,-0.584
2025-09-15 20:31:00,Line-B,M4,Swing,P1,44,4.0,9.18,19.84,10.77,58.69,22.17,3.34,50.85,39.0,4.026,0,0,0,-1.854,-1.979,-0.959,-0.807,-0.801,1.113,1.398,1.844,1.44,-0.679,-1.675,-0.831
2025-10-16 18:24:00,Line-C,M2,Night,P1,17,6.7,5.5,20.07,5.01,69.04,27.49,2.524,52.32,54.6,4.385,0,0,0,-0.474,0.105,-0.28,0.935,-0.439,0.661,1.201,0.568,0.765,0.263,0.063,-0.146
2025-09-06 21:17:00,Line-A,M5,Day,P3,10,3.5,15.08,25.45,14.75,77.3,30.79,2.599,61.32,44.2,4.706,0,0,0,0.523,1.239,0.987,1.014,0.871,0.808,1.452,1.601,0.819,-0.356,0.754,1.378
2025-09-30 10:00:00,Line-A,M4,Day,P1,46,10.1,9.77,29.78,13.42,81.12,37.13,2.212,61.23,34.4,4.657,0,0,0,1.432,1.432,1.082,1.521,1.55,0.532,0.365,0.337,0.427,-0.467,-0.339,0.236
2025-10-15 13:46:00,Line-B,M4,Night,P3,52,3.6,16.58,29.9,26.5,80.64,35.69,0.181,58.31,38.8,4.4,0,0,0,1.367,1.499,1.322,1.952,1.05,-1.075,-1.209,-0.871,-1.101,-0.527,-0.041,-0.222
2025-10-17 07:06:00,Line-A,M1,Swing,P1,16,4.5,6.33,21.94,5.16,64.81,28.2,0.785,49.34,39.7,3.483,0,0,0,-1.131,-1.177,-0.091,0.143,-0.12,0.202,-0.766,-0.388,-0.396,-0.366,-0.868,-0.264
2025-10-12 04:58:00,Line-C,M5,Swing,P1,36,2.8,3.05,25.15,8.85,62.18,26.41,2.048,51.06,48.3,4.291,0,0,0,-1.384,-1.11,-0.601,-0.17,-0.371,0.826,0.057,0.407,0.563,0.347,-0.608,-0.714
2025-10-18 21:55:00,Line-B,M4,Day,P1,32,2.0,5.48,27.61,6.2,70.63,31.46,1.838,57.99,40.7,4.271,1,3,0,-0.311,0.523,,0.249,1.399,0.568,-0.457,0.397,0.242,-0.071,0.519,-0.83
2025-09-08 18:35:00,Line-A,M5,Swing,P3,33,6.7,12.86,27.85,3.54,72.21,25.86,2.451,53.25,46.4,4.295,0,0,0,-0.091,0.375,0.364,-0.562,1.349,0.461,0.793,0.901,1.1,-0.034,-0.132,-0.415
2025-09-19 05:10:00,Line-A,M3,Day,P1,21,4.8,7.55,19.29,12.56,60.05,23.82,3.092,51.64,42.0,3.839,0,0,0,-1.145,-1.35,,-1.155,-0.771,1.126,1.332,1.359,2.04,-1.172,-1.217,-1.253
2025-09-22 16:37:00,Line-A,M3,Day,P4,23,6.5,20.76,21.33,2.82,63.15,25.98,2.861,53.65,31.3,3.833,0,0,0,-0.732,-0.425,-0.515,0.258,-0.229,1.858,1.441,1.183,1.359,-0.631,-1.354,-0.936
2025-09-22 01:24:00,Line-A,M5,Night,P3,49,4.7,13.08,30.04,13.37,74.04,28.67,3.647,66.45,50.9,4.707,1,2,0,0.017,-0.192,0.863,0.543,0.602,1.83,2.694,2.25,2.55,0.497,-0.917,0.407
2025-09-17 02:46:00,Line-B,M4,Night,P3,22,6.6,14.58,29.54,12.88,74.53,32.07,,54.9,42.5,4.77,0,0,0,1.164,0.553,0.464,0.389,1.221,-0.971,-0.855,-1.452,-1.443,0.624,0.059,0.23
2025-09-04 12:07:00,Line-A,M4,Day,P1,28,2.6,8.63,24.94,7.4,72.56,29.77,0.402,48.12,37.4,4.464,0,0,0,0.081,-0.198,-0.125,0.412,0.42,-0.93,-0.953,-1.117,-1.554,-0.769,-1.361,0.094
2025-10-30 05:40:00,Line-A,M1,Day,P3,23,4.8,13.92,25.58,8.53,69.61,28.8,2.375,56.44,37.5,4.412,0,0,0,-0.346,-0.207,0.017,0.092,0.04,1.35,1.336,1.686,0.693,-0.889,-0.654,-0.27
2025-10-05 20:20:00,Line-C,M4,Night,P1,39,5.8,12.53,26.84,23.28,75.24,34.36,1.325,56.37,44.3,4.263,0,0,0,0.875,0.846,1.085,1.369,1.41,-0.119,-0.453,0.187,0.032,0.061,1.484,0.405
2025-10-25 18:06:00,Line-C,M1,Swing,P3,23,4.4,14.21,25.95,5.18,64.85,28.19,2.573,57.53,38.5,4.409,0,0,0,0.557,0.372,-0.254,0.578,0.374,1.988,1.231,1.657,2.012,-0.373,0.04,-0.009
2025-09-10 18:19:00,Line-A,M2,Day,P3,25,3.4,17.92,24.97,13.1,68.04,28.16,2.804,54.94,40.6,4.469,0,0,0,-0.293,-0.776,0.343,-0.068,0.334,0.709,1.797,1.489,1.653,-0.324,-1.108,-0.32
2025-09-28 01:43:00,Line-A,M4,Night,P4,34,6.2,17.48,25.59,10.03,62.53,28.14,1.614,51.27,35.6,4.705,0,0,0,-0.693,-1.012,-0.343,-0.22,0.026,0.357,-0.164,0.821,0.202,-0.626,-1.056,-0.326
2025-10-23 17:20:00,Line-A,M4,Night,P3,25,2.6,14.29,17.58,7.99,60.04,24.49,1.004,40.12,33.9,3.68,0,0,0,-1.394,-1.33,-1.558,-0.673,-0.992,-1.366,-0.809,-0.949,-0.545,-1.0,-1.524,-1.756
2025-09-02 16:04:00,Line-B,M3,Night,P2,30,2.4,11.18,32.34,19.15,80.93,36.19,0.817,57.6,41.8,4.198,0,0,0,1.261,0.828,2.602,2.243,1.334,-1.017,-0.659,-0.769,-0.569,0.343,1.385,1.016
2025-09-03 01:19:00,Line-A,M3,Night,P1,36,6.0,8.14,23.35,7.73,67.63,28.41,1.443,50.79,41.8,4.29,1,0,0,-0.433,-0.479,-0.942,-0.282,0.329,0.215,-0.522,0.217,-0.705,-0.043,0.382,-0.371
2025-09-26 20:13:00,Line-B,M2,Swing,P1,13,3.6,11.94,26.13,10.1,,28.77,1.314,54.95,35.6,4.561,0,0,0,0.364,0.065,0.067,0.424,0.441,0.253,0.45,0.249,-0.398,0.666,-0.81,-0.958
2025-09-24 11:59:00,Line-B,M4,Swing,P2,37,1.4,8.27,23.12,7.42,65.44,25.71,1.527,53.21,39.0,4.335,0,0,0,-0.066,0.361,-0.428,-0.266,0.195,-0.039,0.778,0.6,0.542,-0.745,-1.254,-0.577
2025-10-22 22:15:00,Line-B,M3,Day,P2,10,2.3,15.92,19.9,9.66,71.94,28.89,1.736,56.18,32.8,3.698,0,0,0,-0.213,0.892,0.578,0.065,0.34,0.523,0.215,0.139,0.269,-0.794,-0.757,-0.538
2025-10-26 06:07:00,Line-B,M5,Day,P2,14,3.3,14.21,22.16,9.43,69.75,30.04,0.982,47.35,39.9,4.334,0,0,0,0.459,0.317,0.519,0.965,0.567,-1.508,-1.122,-0.636,-1.383,0.072,0.122,-1.058
2025-10-12 21:15:00,Line-A,M4,Swing,P1,34,4.8,6.48,24.15,7.17,,,1.281,50.02,41.1,4.063,0,0,0,-0.697,-0.242,-0.075,-0.833,0.106,-0.039,-0.09,-0.652,0.312,0.509,-0.693,-0.604
2025-10-29 22:31:00,Line-B,M5,Swing,P3,42,5.6,15.24,18.77,8.9,59.8,24.26,1.943,48.88,32.8,3.659,0,0,0,-1.161,-1.532,-1.575,-1.177,-0.693,1.01,1.289,0.252,1.971,-1.643,-2.015,-1.356
2025-10-21 15:38:00,Line-B,M3,Day,P1,11,2.9,10.13,21.16,6.28,68.7,,1.679,54.99,41.3,3.791,0,0,0,-0.62,-0.186,-0.088,-0.506,-0.042,0.033,0.231,0.384,0.981,-0.14,0.35,-0.805
2025-09-30 09:05:00,Line-A,M2,Swing,P3,12,3.4,19.32,26.14,10.03,66.66,29.5,2.888,56.26,42.8,4.378,0,0,0,0.888,-0.141,0.399,0.759,1.048,1.344,1.604,1.633,1.386,-0.203,-0.314,0.312
2025-10-17 01:52:00,Line-A,M1,Swing,P1,48,2.4,7.9,27.23,7.71,62.51,25.61,3.089,50.09,43.2,4.593,0,0,0,-1.116,-0.646,-0.386,-0.256,-1.135,1.709,1.798,1.874,1.91,0.747,0.059,-0.269
2025-10-26 12:36:00,Line-A,M5,Night,P2,15,9.3,10.99,22.16,2.13,70.99,29.16,1.016,58.42,40.5,4.098,0,0,0,-0.214,0.083,0.583,0.838,-0.074,-0.499,-0.395,-0.574,-0.79,-0.452,-0.905,-0.626
2025-09-01 22:45:00,Line-A,M1,Night,P1,30,5.1,6.96,20.65,7.89,61.34,21.55,2.53,50.33,47.3,4.254,0,0,0,-1.101,-0.78,-1.565,-0.198,-1.476,0.896,0.87,0.56,1.06,-0.154,-0.067,-0.922
2025-09-08 23:27:00,Line-A,M4,Day,P1,52,4.2,7.88,25.36,10.87,69.73,30.48,2.093,55.25,32.0,4.201,0,0,0,0.595,0.172,0.183,0.963,0.815,0.817,0.48,0.821,0.48,-1.6,-1.389,-1.418
2025-10-30 05:03:00,Line-B,M4,Night,P2,34,7.1,10.85,31.55,18.92,77.18,31.76,3.083,56.63,41.5,4.375,1,0,0,0.763,0.579,1.633,0.99,1.97,0.975,1.388,1.728,1.576,0.349,0.397,-0.098
2025-09-21 10:34:00,Line-A,M4,Night,P3,23,3.7,15.47,25.37,7.68,74.51,31.99,3.659,57.13,43.8,4.253,0,0,1,0.154,0.78,0.026,0.641,0.266,1.371,1.293,1.679,1.568,0.124,-0.318,-0.82
2025-10-14 20:09:00,Line-A,M3,Day,P2,35,5.3,10.51,24.45,6.87,67.94,31.35,1.567,54.36,34.1,4.86,0,0,0,0.421,-0.218,0.512,-0.15,0.091,-0.032,0.11,0.284,-0.061,-1.904,-0.913,-1.313
2025-10-22 04:02:00,Line-C,M3,Day,P3,39,3.9,14.52,27.19,16.38,,37.94,1.436,59.13,32.2,4.475,0,0,0,1.456,1.628,2.304,1.8,1.601,-0.898,-1.38,-0.463,-1.051,-0.157,-0.379,-0.432
2025-10-05 08:11:00,Line-B,M5,Day,P3,56,0.4,15.17,30.57,11.65,74.73,32.74,1.12,56.07,47.7,4.239,0,0,0,0.22,0.105,1.005,0.678,0.959,-0.405,0.028,-0.524,-0.455,1.359,0.487,0.68
2025-10-20 04:10:00,Line-B,M3,Swing,P3,11,5.7,14.41,19.42,6.76,65.74,26.94,3.057,57.06,41.3,3.928,0,0,0,0.045,-0.1,-0.039,-0.098,-0.406,1.139,2.448,1.955,2.336,0.041,-0.311,-0.509
2025-09-15 22:45:00,Line-C,M4,Swing,P2,28,0.2,12.28,20.91,11.26,69.19,28.48,2.478,57.46,27.5,4.308,0,0,0,0.284,-0.082,0.606,0.383,0.406,1.476,1.627,2.045,1.365,-1.742,-0.972,-1.08
2025-09-05 16:50:00,Line-C,M2,Day,P3,16,5.5,15.35,23.16,4.78,68.96,28.47,1.521,55.11,46.8,4.229,0,0,0,-0.296,0.034,-1.422,-0.142,0.34,0.317,0.7,1.441,1.116,-0.508,-0.925,0.012
2025-10-09 19:28:00,Line-B,M5,Swing,P4,12,4.2,21.3,26.93,14.03,77.44,35.77,2.298,61.26,49.3,4.687,0,0,0,0.659,1.213,1.469,1.627,1.353,0.885,0.666,0.519,0.675,0.731,1.259,0.463
2025-10-22 21:11:00,Line-C,M4,Swing,P2,18,1.1,13.38,24.2,10.51,69.0,29.26,1.393,53.53,38.3,4.55,0,0,0,-0.188,-0.327,0.464,0.219,-0.186,-0.399,-0.639,-0.454,-0.19,-0.232,-0.566,-0.931
2025-09-26 16:47:00,Line-B,M2,Day,P3,36,4.2,13.61,30.43,17.67,78.78,34.18,0.901,55.98,50.0,4.637,0,0,0,1.232,1.219,1.381,1.38,1.456,-0.986,-1.021,-0.605,0.093,1.788,1.814,1.101
2025-09-03 22:02:00,Line-B,M1,Swing,P2,45,5.0,13.14,27.71,5.05,70.32,34.25,0.305,58.06,40.3,4.278,0,0,0,0.254,0.561,0.432,0.93,1.241,-1.468,-1.751,-1.59,-0.394,-0.153,0.284,-0.461
2025-09-30 22:45:00,Line-A,M4,Swing,P1,42,4.0,7.54,24.2,3.45,60.02,26.96,2.097,49.6,30.7,3.972,0,0,0,-0.497,-0.77,-0.605,-0.374,0.199,0.537,0.517,1.139,0.026,-1.121,-0.912,-1.787
2025-10-07 22:49:00,Line-C,M4,Swing,P3,26,5.3,15.38,25.47,10.21,72.24,30.47,1.402,56.19,44.9,3.866,0,0,0,0.477,0.732,0.162,0.373,0.598,-0.326,0.195,-0.497,-0.18,-0.149,1.131,0.653
2025-10-18 11:48:00,Line-B,M4,Swing,P2,58,2.3,14.28,33.09,21.18,76.53,,1.549,61.33,40.9,4.367,0,0,0,0.704,0.957,1.142,1.515,1.282,-0.133,-0.029,1.095,-0.098,0.334,,-0.063
2025-09-13 04:44:00,Line-A,M4,Night,P1,22,0.7,8.04,19.76,7.72,65.47,28.17,2.514,54.16,32.9,4.413,0,0,0,-0.826,-0.066,-0.243,-0.473,0.09,1.128,0.65,1.415,1.065,-1.382,-1.137,-1.542
2025-10-18 22:34:00,Line-A,M4,Day,P1,45,3.3,8.05,30.02,5.02,73.24,33.26,1.972,54.63,35.4,4.611,0,0,0,0.732,0.727,0.375,0.587,0.589,-0.21,0.56,0.137,0.488,-0.208,-0.566,-1.168
2025-09-26 15:25:00,Line-B,M4,Day,P3,37,4.9,14.44,24.38,8.26,74.63,33.79,1.357,58.84,33.4,4.36,0,0,0,0.459,1.116,0.806,1.759,1.256,-0.368,-0.077,-0.092,0.28,-0.038,-0.77,-0.661
2025-09-12 18:57:00,Line-C,M1,Night,P2,12,6.0,17.32,24.44,8.38,75.65,33.22,,56.0,39.8,4.075,1,1,0,0.468,0.39,0.907,0.936,0.614,0.175,1.497,1.494,1.127,0.605,0.36,-0.041
2025-09-14 10:03:00,Line-A,M1,Night,P2,59,6.6,10.07,29.23,11.02,77.12,31.88,2.929,57.07,40.2,4.632,1,3,0,0.346,0.539,0.018,0.898,1.006,1.209,1.536,1.716,1.247,-0.292,-0.258,0.675
2025-09-16 13:39:00,Line-B,M1,Night,P1,19,1.6,7.74,19.78,10.5,62.76,24.34,2.885,47.45,47.2,4.013,0,0,0,-0.911,-1.422,-1.488,-0.985,-0.616,0.867,1.451,1.112,1.309,-1.162,-1.307,-1.193
2025-10-17 21:13:00,Line-A,M5,Night,P4,36,6.6,19.84,22.88,2.95,68.54,29.57,2.237,55.55,41.3,3.931,0,0,1,-0.204,0.159,0.483,0.458,-0.219,1.269,1.136,1.312,1.288,-0.636,0.517,-0.447
2025-09-21 18:52:00,Line-B,M2,Day,P3,38,8.4,18.49,29.68,5.41,72.76,33.83,2.455,60.63,37.9,4.646,0,0,0,1.167,0.965,0.531,0.834,0.854,0.865,1.195,0.985,1.19,-0.152,0.629,-0.451
2025-09-24 15:19:00,Line-C,M2,Night,P1,28,4.6,10.86,21.31,11.39,61.92,26.44,1.929,52.65,43.9,3.522,0,0,0,-1.174,-1.166,-1.054,-1.069,0.597,0.323,1.045,0.709,0.732,-0.218,-1.761,-0.911
2025-09-30 06:37:00,Line-B,M3,Night,P1,29,5.4,7.11,19.39,8.68,68.01,29.68,1.441,50.48,38.9,4.416,0,0,0,-0.808,0.269,-0.354,0.542,-0.02,0.178,0.13,-0.334,0.378,-0.632,-1.58,-1.128
2025-09-12 03:17:00,Line-B,M1,Swing,P1,27,4.5,5.3,22.67,6.68,61.19,26.57,1.043,48.64,34.1,4.199,0,0,0,-0.335,-0.483,-0.319,-0.177,-0.508,-0.397,-0.835,-0.588,-0.408,-1.692,-1.357,-1.457
2025-10-30 09:41:00,Line-B,M2,Swing,P3,55,5.0,15.53,30.37,17.55,76.6,34.4,2.526,64.35,47.0,4.886,0,0,0,0.774,1.587,0.778,1.92,1.18,1.376,1.519,1.149,1.596,1.04,1.018,0.534
2025-10-12 04:41:00,Line-C,M2,Swing,P4,6,6.0,21.78,27.61,20.23,78.86,32.74,0.791,56.8,37.9,4.41,0,0,0,0.931,0.882,2.082,1.355,1.871,-0.741,-0.148,-0.036,-0.204,-0.12,0.673,0.142
2025-09-07 11:33:00,Line-A,M5,Day,P2,59,3.7,10.77,29.15,12.34,70.52,29.35,1.572,55.05,49.7,4.733,0,0,0,0.083,0.699,0.386,0.551,0.917,-0.244,-0.173,0.07,-0.169,1.548,1.262,1.057
2025-10-09 22:29:00,Line-B,M4,Swing,P2,55,4.0,14.26,30.17,6.97,67.15,27.16,2.224,51.4,44.7,4.255,0,0,0,-0.938,-0.086,0.96,-0.21,0.14,0.84,0.576,0.574,0.876,1.288,-0.005,-0.46
2025-09-26 08:04:00,Line-A,M3,Swing,P2,13,3.3,11.25,19.66,8.41,64.69,25.31,3.242,52.99,34.2,4.201,0,0,0,-0.485,-0.263,-0.514,-0.629,-0.123,1.545,0.791,0.901,2.266,-1.066,-1.894,-1.558
2025-10-27 00:57:00,Line-C,M4,Day,P1,29,5.9,7.26,29.17,6.48,72.17,32.83,2.972,60.34,43.3,4.643,0,0,1,1.292,0.422,0.694,1.019,1.303,1.55,1.714,1.974,1.94,-0.225,0.109,0.567
2025-09-15 00:16:00,Line-B,M2,Swing,P4,58,4.3,17.43,33.51,14.16,75.75,32.16,1.069,59.41,39.0,4.831,0,0,0,0.633,1.173,0.723,1.462,1.506,-0.691,-0.994,-0.748,-0.002,0.505,0.651,0.095
2025-10-12 22:01:00,Line-B,M2,Swing,P2,44,6.7,10.38,28.86,8.16,68.75,26.22,2.305,53.86,34.8,4.713,0,0,0,-0.449,0.285,-0.479,0.293,0.135,0.481,0.651,0.85,0.487,-1.003,-1.459,-1.304
2025-09-20 01:07:00,Line-B,M1,Day,P1,24,4.8,7.01,26.16,11.17,68.64,30.71,3.363,58.41,42.1,4.278,0,0,1,0.669,0.305,0.125,0.905,0.962,1.405,1.219,1.538,2.084,0.135,-0.285,-0.104
2025-10-17 05:28:00,Line-A,M2,Night,P2,11,6.3,12.42,31.54,19.14,78.49,35.13,,58.67,36.7,4.657,0,0,0,1.435,1.998,2.102,2.14,2.016,-0.44,-0.494,-0.357,-1.482,-0.267,0.228,-0.428
2025-09-21 12:54:00,Line-A,M4,Swing,P3,9,4.2,19.04,25.28,8.21,67.74,26.38,2.274,51.95,37.0,4.014,0,0,0,0.352,-0.132,-0.122,-0.548,0.261,0.837,0.434,1.568,1.117,-0.536,-0.055,-0.692
2025-10-26 14:23:00,Line-A,M4,Swing,P1,30,2.4,11.5,23.07,11.01,69.73,28.59,1.768,54.63,38.6,4.294,0,0,0,0.041,-0.044,0.117,0.346,0.066,0.375,0.407,-0.095,0.945,-0.382,-0.294,0.714
2025-10-25 01:32:00,Line-C,M5,Swing,P4,9,5.4,18.72,20.63,6.05,64.9,28.8,1.707,50.1,37.5,4.693,0,0,0,-0.633,-0.608,,-0.641,0.006,0.215,-0.831,0.237,0.226,-0.626,0.252,-0.091
2025-09-30 02:23:00,Line-A,M2,Night,P2,38,6.5,13.11,26.82,5.83,68.76,26.25,2.155,55.01,49.4,4.503,0,0,0,-0.547,-0.358,0.114,-0.514,0.676,0.422,0.817,0.909,1.168,0.702,-0.495,1.059
2025-09-01 11:21:00,Line-A,M1,Swing,P1,46,2.5,4.62,30.76,14.55,72.55,32.01,0.108,58.31,43.2,4.787,0,0,0,0.827,0.19,0.467,1.317,0.4,-1.782,-1.294,-2.259,-1.665,-0.188,0.227,-0.727
2025-10-21 00:58:00,Line-A,M1,Day,P2,43,5.0,11.93,32.8,19.41,81.07,34.87,3.27,64.26,57.8,4.669,0,0,0,2.029,1.508,1.144,1.608,1.547,1.009,1.426,1.454,1.22,1.793,2.082,1.361
2025-10-26 01:48:00,Line-A,M2,Day,P1,6,0.2,7.82,26.62,22.795327834918037,73.85,30.68,1.433,56.78,42.8,4.775,0,0,0,0.392,0.816,1.136,1.219,1.081,-0.336,-0.821,-0.209,-0.225,0.273,0.361,-0.272
2025-10-06 09:59:00,Line-A,M4,Swing,P4,6,0.4,15.22,22.95,8.21,69.9,29.86,0.796,56.73,26.7,4.034,0,0,0,0.909,0.041,-0.072,0.433,0.76,-0.433,-0.381,-1.136,-0.385,-0.639,-1.555,-0.911
2025-10-22 06:11:00,Line-B,M2,Night,P3,52,4.4,13.13,29.97,3.64,72.36,33.77,2.968,58.12,40.5,4.46,0,0,0,0.893,0.875,0.999,1.491,0.841,2.221,2.013,1.671,2.214,0.374,0.853,0.712
2025-10-04 13:12:00,Line-A,M3,Night,P2,19,7.4,13.56,24.31,11.93,72.32,30.84,1.946,58.15,38.6,4.191,0,0,0,0.014,-0.111,-0.386,0.753,0.623,1.049,0.587,0.4,0.759,-1.056,-0.42,-1.196
2025-09-11 22:36:00,Line-A,M5,Day,P2,35,2.8,12.83,24.29,6.5,64.43,30.52,2.209,47.89,47.3,4.271,0,0,0,-0.44,-0.218,0.298,0.314,0.342,0.588,0.144,0.319,0.386,0.105,0.074,0.519
2025-10-18 03:31:00,Line-C,M5,Swing,P2,36,4.7,11.4,27.79,7.74,73.78,31.14,1.739,56.07,41.5,4.301,1,0,0,0.072,0.477,0.771,0.835,1.055,0.68,0.246,0.073,0.525,0.159,-0.26,0.734
2025-10-05 15:55:00,Line-A,M5,Swing,P1,41,7.2,9.9,27.29,8.68,,28.6,1.154,51.64,39.5,4.417,0,0,0,-0.908,-0.674,-0.421,0.033,-0.17,-1.086,-0.476,-0.535,-0.665,-1.142,-0.994,-0.4
2025-10-10 12:47:00,Line-A,M4,Swing,P3,41,1.9,15.36,27.2,14.81,73.35,28.05,2.17,52.94,38.1,4.249,0,0,0,0.015,0.165,0.702,0.798,0.561,0.36,0.473,0.445,-0.062,-0.179,-0.38,0.762
2025-10-10 02:43:00,Line-C,M1,Night,P3,52,0.2,12.14,30.7,21.34,,34.1,1.47,58.76,39.2,4.631,0,0,0,-0.152,1.54,1.671,1.709,1.75,-0.033,-0.08,-0.155,-0.078,0.279,-0.234,0.71
2025-10-09 04:22:00,Line-B,M3,Swing,P1,19,4.0,10.06,14.34,6.73,57.94,23.24,1.679,41.49,41.0,4.089,0,0,0,-2.023,-2.066,-1.835,-1.222,-1.873,-0.547,0.14,-0.038,0.202,-0.998,-2.152,-0.494
2025-09-09 05:54:00,Line-A,M4,Swing,P3,37,7.6,9.54,29.54,18.73,83.01,35.02,2.337,62.35,40.9,4.701,0,0,0,0.989,1.202,1.695,1.866,1.675,-0.683,-0.239,0.371,0.433,0.491,1.021,0.73
2025-09-26 22:06:00,Line-A,M2,Swing,P2,21,4.8,15.47,27.36,6.71,66.31,,2.868,57.43,40.5,4.571,0,0,0,0.178,0.512,0.395,0.632,0.971,2.065,1.471,1.556,2.253,-0.759,-0.018,0.58
2025-10-05 02:44:00,Line-B,M5,Day,P1,13,9.9,10.42,19.09,8.98,62.31,25.88,,48.67,45.0,4.285,0,0,0,-0.962,-1.017,-0.832,-0.531,-0.374,1.095,1.42,0.874,1.438,-0.43,-0.491,-1.554
2025-09-26 09:27:00,Line-A,M4,Swing,P2,19,2.8,11.77,21.58,10.64,60.75,24.25,1.204,47.41,38.0,4.117,0,0,0,-1.662,-1.075,,-0.806,-0.383,0.133,0.224,-0.321,0.171,-1.238,-1.144,-1.078
2025-10-12 19:41:00,Line-B,M3,Day,P1,31,6.3,5.35,21.35,7.62,66.47,28.97,0.097,44.53,43.1,3.929,0,0,0,-1.553,-0.608,-0.293,-0.72,-0.613,-1.917,-1.556,-2.493,-1.47,-1.198,-2.354,-1.262
2025-10-06 13:34:00,Line-C,M2,Swing,P3,32,2.7,16.3,28.81,9.8,74.57,,2.356,57.64,45.6,4.433,0,0,0,0.436,0.543,0.895,0.499,0.956,0.404,0.547,0.685,0.675,0.072,0.689,0.183
2025-10-23 07:05:00,Line-A,M1,Day,P1,43,0.2,8.78,27.34,11.18,70.89,29.29,2.817,54.88,44.1,4.746,0,0,1,0.807,-0.454,0.487,0.965,0.49,1.302,0.89,1.003,0.957,0.304,0.577,0.988
2025-09-08 18:45:00,Line-C,M1,Day,P3,9,3.2,14.63,21.41,10.38,72.63,30.67,2.074,57.36,29.9,4.306,0,0,0,0.276,0.555,0.787,0.17,0.434,0.35,0.048,-0.12,0.696,-0.896,-1.609,-1.742
2025-09-16 17:40:00,Line-C,M4,Swing,P4,38,5.9,17.85,27.05,5.59,64.23,25.07,1.431,48.42,42.5,4.514,1,1,0,-1.014,-0.527,-0.358,-0.707,-0.267,-0.505,-0.832,0.177,-0.716,0.619,-0.972,-0.479
2025-10-11 02:40:00,Line-C,M1,Day,P3,59,3.8,15.58,21.01,6.06,57.05,23.87,,44.74,39.7,4.069,0,0,0,-0.818,-1.235,-0.744,-1.537,-0.765,0.604,0.618,0.761,1.259,-1.114,-0.33,-2.499
2025-10-12 06:41:00,Line-B,M3,Swing,P1,44,6.7,7.63,22.6,4.01,71.52,28.2,3.098,56.81,40.6,3.693,0,0,0,-0.779,-0.059,0.152,0.325,0.364,1.577,1.892,1.75,2.122,-0.895,0.412,-0.706
2025-10-11 04:26:00,Line-B,M1,Swing,P3,40,4.1,14.89,26.89,5.58,74.69,32.4,1.957,63.02,34.9,4.1,0,0,0,0.684,0.985,,1.009,0.611,0.898,0.529,0.737,1.051,-0.656,-1.023,-0.129
2025-09-30 10:37:00,Line-B,M4,Day,P1,26,5.2,6.62,27.3,20.93,76.01,38.5,3.876,64.84,39.1,4.626,0,0,1,1.171,0.881,0.917,1.217,1.307,2.449,2.385,1.846,2.3,0.728,0.375,0.826
2025-09-23 11:26:00,Line-A,M4,Day,P1,12,4.0,10.49,25.11,10.67,68.97,27.34,2.708,54.32,37.0,4.587,0,0,0,0.149,-0.212,-0.06,-0.268,0.497,1.867,2.136,1.318,1.598,-0.392,-0.861,0.427
2025-10-25 23:52:00,Line-C,M5,Day,P3,16,6.1,17.73,23.04,3.85,69.58,32.28,3.741,61.67,33.1,4.116,0,0,0,0.032,0.52,0.781,0.334,1.09,2.477,2.102,2.17,1.786,-1.183,-0.377,-1.554
2025-10-29 18:08:00,Line-B,M3,Night,P1,36,5.0,6.95,31.64,19.81,,34.12,2.403,59.3,43.7,4.532,0,0,0,1.026,0.841,,1.374,1.62,0.531,0.565,0.603,0.227,0.399,0.766,0.227
2025-09-23 08:49:00,Line-A,M2,Swing,P2,44,4.8,13.66,29.34,11.88,73.92,31.43,,60.13,41.5,4.97,0,0,0,0.63,0.522,0.676,1.183,1.285,1.948,1.866,1.19,1.601,0.118,-0.115,-0.617
2025-10-31 04:26:00,Line-C,M3,Night,P2,20,10.5,11.6,24.1,6.48,72.26,29.32,1.97,53.08,38.3,4.418,0,0,0,0.41,0.082,,0.161,0.471,1.116,1.075,0.941,0.948,-1.284,-1.033,-1.308
2025-10-01 21:57:00,Line-A,M5,Swing,P2,7,0.4,12.43,21.85,9.84,70.72,28.15,0.876,56.45,41.0,4.342,0,0,0,0.475,0.564,,0.737,0.314,-0.351,0.571,-0.091,-0.043,0.08,-0.449,-0.464
2025-09-23 16:54:00,Line-B,M2,Night,P4,10,2.3,19.94,24.77,13.1,72.15,30.95,2.249,60.16,41.7,4.64,0,0,0,0.987,0.363,0.678,1.269,0.49,1.126,0.627,1.479,1.334,0.361,0.628,1.318
2025-09-01 09:51:00,Line-C,M3,Swing,P2,56,5.3,7.95,21.26,8.82,62.13,25.18,0.485,46.39,34.1,4.254,0,0,0,-1.25,-0.224,-1.069,-0.876,-1.079,-1.134,-1.197,-0.802,-0.927,-0.761,-0.963,-2.088
2025-09-11 00:22:00,Line-B,M1,Swing,P1,36,3.1,6.71,28.97,6.59,73.68,28.86,0.869,56.2,46.4,4.296,0,0,0,0.341,-0.025,0.128,0.886,0.475,-0.82,-0.512,-0.819,-0.919,-0.075,-1.068,-0.13
2025-10-22 03:30:00,Line-B,M3,Swing,P1,23,7.6,4.25,23.78,4.3,70.19,32.33,2.76,55.79,34.2,4.404,0,0,0,0.398,-0.071,0.44,0.238,0.862,1.185,1.492,1.689,1.672,-0.745,-0.172,-1.195
2025-10-06 09:55:00,Line-C,M4,Night,P2,17,2.9,11.34,23.47,14.33,74.18,30.81,2.96,57.7,41.3,3.708,0,0,0,-0.327,0.455,0.206,1.32,0.934,0.75,1.584,1.464,1.031,0.303,0.247,0.318
2025-09-19 17:28:00,Line-A,M3,Day,P4,11,4.9,21.47,26.79,10.72,71.23,32.46,0.848,52.96,44.3,4.063,0,0,0,0.085,0.415,-0.261,0.309,1.007,-1.059,-0.833,-0.659,-0.164,0.404,-0.023,0.186
2025-09-29 03:33:00,Line-A,M5,Day,P2,29,2.9,13.06,23.26,11.76,72.11,33.8,3.732,58.91,33.0,4.112,0,0,0,0.712,1.107,0.875,0.668,1.765,1.613,1.991,1.692,1.955,-1.127,-0.358,-1.137
2025-09-19 22:21:00,Line-A,M3,Swing,P4,49,5.1,16.24,33.8,23.09,82.48,37.68,2.941,66.33,44.8,4.979,0,0,0,1.753,1.802,1.878,2.06,1.693,0.846,0.305,0.886,1.635,0.79,1.072,1.084
2025-10-02 10:44:00,Line-B,M1,Day,P4,47,3.4,18.04,22.25,4.91,67.03,28.71,1.871,48.2,52.9,4.245,0,0,0,-0.057,-0.979,,-0.067,-0.996,0.473,0.519,0.97,0.755,-0.645,-0.213,0.646
2025-10-10 17:51:00,Line-B,M5,Day,P1,55,3.7,5.98,29.32,6.17,74.71,34.47,3.466,62.84,42.3,4.977,0,0,0,0.086,0.952,0.807,0.791,0.76,1.54,1.541,1.794,1.895,0.459,0.211,0.784
2025-10-25 12:43:00,Line-A,M3,Day,P4,32,4.2,14.89,21.66,8.03,65.78,29.94,2.685,58.66,31.5,4.14,0,0,0,-0.638,0.36,0.16,-0.01,0.156,1.184,1.126,1.084,0.766,-1.406,,-1.759
2025-10-11 13:02:00,Line-A,M2,Swing,P3,33,3.0,15.3,23.31,7.81,64.31,26.81,0.618,44.51,28.0,3.816,0,0,0,-1.19,-0.991,-0.427,-0.371,0.439,-1.393,-0.611,-1.431,-0.729,-1.202,-1.749,-2.388
2025-09-05 18:02:00,Line-A,M3,Day,P2,5,5.0,17.4,26.19,12.64,74.95,30.26,,56.76,42.4,4.224,0,0,0,1.183,1.131,0.993,1.333,0.897,0.128,0.12,-0.07,1.179,-0.569,-0.319,0.39
2025-10-11 00:46:00,Line-A,M2,Night,P4,30,5.9,18.63,29.7,8.35,75.76,,1.278,54.04,37.2,4.604,1,0,0,0.484,0.667,0.445,1.04,0.825,-0.797,-0.557,-0.606,-0.345,0.078,,-0.177
2025-10-18 10:55:00,Line-B,M5,Swing,P4,29,2.6,18.46,25.85,8.26,67.35,28.64,2.065,53.97,42.0,4.438,0,0,0,0.384,0.719,0.023,0.717,0.716,0.392,0.872,0.871,1.139,0.19,,-0.343
2025-09-21 00:04:00,Line-A,M3,Day,P2,16,6.0,12.22,23.05,7.25,68.93,25.65,2.882,56.62,41.5,4.04,0,0,0,-0.417,-0.268,0.382,0.09,0.449,0.844,0.931,1.802,1.856,-0.091,-0.744,-1.345
2025-10-10 21:54:00,Line-A,M4,Day,P4,31,3.2,20.44,27.19,12.32,73.08,33.94,5.401,65.16,39.7,4.449,1,5,1,0.288,0.914,0.689,0.35,0.759,3.706,3.469,3.683,3.141,0.144,-0.289,0.277
2025-10-29 00:37:00,Line-A,M3,Day,P3,24,5.1,15.72,23.49,3.32,68.52,28.82,1.463,53.12,46.6,4.221,0,0,0,-0.092,0.378,0.689,-0.121,0.19,-0.054,0.157,0.386,0.254,0.8,-0.031,0.611
2025-09-05 11:00:00,Line-C,M2,Night,P4,12,4.3,20.04,23.0,9.53,68.59,29.46,3.63,59.9,36.2,4.536,0,0,0,-0.374,0.286,0.148,0.17,0.409,1.945,2.146,2.046,2.022,-0.234,-0.246,-0.339
2025-10-20 04:00:00,Line-A,M4,Day,P2,41,2.6,12.61,30.26,22.1,81.1,39.86,2.512,63.15,38.3,4.578,1,0,0,1.618,1.537,1.526,2.159,2.447,0.149,0.726,0.468,0.112,1.474,0.763,0.286
2025-09-26 04:57:00,Line-B,M5,Swing,P3,18,0.4,13.59,24.86,7.94,74.49,30.02,3.452,56.24,41.8,4.625,0,0,0,0.969,-0.074,0.929,1.022,0.466,2.149,1.668,2.679,2.013,1.17,1.002,-0.021
2025-10-06 06:54:00,Line-B,M4,Day,P1,21,3.1,9.61,19.37,9.35,64.5,22.42,1.653,49.84,20.9,4.108,0,0,0,-1.24,-1.523,-0.504,-1.062,-0.785,0.213,0.121,1.065,0.02,-1.633,-1.916,-2.294
2025-10-09 22:11:00,Line-B,M4,Night,P1,7,5.1,9.14,23.93,14.65,77.75,33.24,2.899,56.29,45.4,4.07,1,3,0,0.128,0.759,0.895,0.737,1.257,1.162,0.818,0.777,2.749,0.933,0.245,0.872
2025-10-16 23:58:00,Line-A,M1,Swing,P1,12,2.7,8.87,25.32,8.53,66.52,24.92,1.508,50.14,36.3,4.556,0,0,0,-0.495,-0.707,-0.389,-0.206,-0.434,0.561,0.009,0.233,0.213,-0.472,-1.712,-1.224
2025-09-04 16:24:00,Line-B,M5,Day,P2,15,7.2,10.57,26.11,3.37,69.72,28.38,1.583,53.76,38.8,4.775,0,0,0,0.731,0.344,0.406,0.801,0.764,-0.015,-0.023,0.209,-0.181,-0.363,-1.155,-1.413
2025-09-08 12:12:00,Line-A,M1,Day,P2,47,1.4,12.74,24.37,9.03,,28.4,1.761,48.02,41.6,4.302,0,0,0,-0.861,-1.061,,-1.11,-0.327,0.2,0.161,0.435,-0.102,-0.767,-1.598,-0.657
2025-10-03 02:35:00,Line-A,M4,Swing,P4,53,0.2,18.93,24.05,9.66,59.35,25.9,2.593,48.11,47.1,4.031,0,0,0,-0.223,-0.654,-0.807,-0.731,-0.594,0.684,0.429,0.855,1.06,-0.109,-1.487,0.454
2025-09-06 09:35:00,Line-A,M2,Swing,P3,16,2.8,13.6,23.71,6.67,66.47,28.95,2.035,57.23,40.1,4.159,0,0,0,-0.807,0.373,-0.235,-0.624,-0.166,0.835,0.433,1.009,0.755,-1.226,-0.408,-0.109
2025-09-12 22:13:00,Line-B,M1,Swing,P1,15,6.7,8.71,22.97,10.38,,32.05,3.516,58.97,40.7,4.549,0,0,1,1.045,1.102,0.871,1.25,1.04,2.148,1.308,1.979,2.385,0.012,0.157,0.482
2025-09-30 10:44:00,Line-B,M1,Swing,P2,15,4.1,15.52,29.34,17.87,78.34,34.16,2.901,59.6,35.2,4.502,1,4,0,1.206,0.963,0.862,0.908,1.977,1.997,0.532,1.422,1.653,0.6,,1.19
2025-10-29 02:41:00,Line-C,M5,Night,P3,43,4.9,14.82,24.64,6.29,63.25,24.86,2.88,51.84,30.0,4.214,0,0,0,-1.338,-0.605,-1.047,-1.159,-0.659,1.681,1.106,1.893,1.935,-1.721,-1.791,-2.519
2025-09-07 01:29:00,Line-A,M2,Night,P1,22,5.7,8.68,28.26,9.32,68.59,26.52,2.856,51.58,39.5,4.654,0,0,0,-0.716,-0.07,-0.631,-0.559,-0.043,0.769,1.143,0.893,1.187,-0.566,-0.38,-1.121
2025-09-25 06:30:00,Line-B,M5,Day,P1,5,6.7,11.03,23.96,18.99,80.3,35.84,3.013,61.97,38.2,4.386,0,0,0,1.332,1.549,1.038,1.16,1.563,0.161,0.811,0.723,0.601,0.547,-0.001,-0.135
2025-10-20 19:19:00,Line-B,M1,Day,P4,22,3.0,17.49,26.35,7.14,73.73,32.65,2.704,59.26,46.6,4.603,1,1,0,0.41,0.446,0.665,0.491,0.579,0.863,0.86,1.222,1.639,0.977,1.742,1.461
2025-10-05 08:55:00,Line-B,M4,Day,P3,21,2.8,15.57,27.58,12.93,,34.65,2.997,58.65,43.6,4.719,0,0,0,0.93,0.501,1.227,0.351,0.796,0.922,1.928,1.467,1.154,-0.625,0.017,0.363
2025-10-17 13:10:00,Line-A,M2,Swing,P2,51,2.3,11.96,28.78,12.18,76.66,32.25,2.053,56.69,48.2,4.72,0,0,0,0.87,1.192,0.49,1.323,0.602,1.054,0.662,0.586,0.371,0.403,0.43,0.802
2025-09-27 07:15:00,Line-B,M3,Day,P1,55,5.2,8.52,25.56,6.26,73.9,29.21,1.003,54.67,39.5,4.914,0,0,0,0.336,0.165,-0.144,-0.111,0.748,-0.864,-0.509,-0.248,-1.077,0.063,-0.766,-0.558
2025-09-26 06:22:00,Line-C,M4,Day,P1,34,4.6,12.21,20.34,3.03,67.61,28.53,1.213,51.81,40.2,4.74,0,0,0,-0.066,0.009,-0.26,0.508,-0.134,-0.21,0.016,0.573,0.179,-0.047,0.25,0.536
2025-10-07 15:39:00,Line-B,M4,Night,P3,55,7.6,13.96,33.17,9.11,69.45,31.42,2.188,54.02,46.1,4.45,0,0,0,0.61,0.649,0.399,0.867,0.746,-0.038,0.753,-0.046,0.37,0.04,0.506,0.25
2025-09-21 17:10:00,Line-B,M3,Day,P2,36,3.2,15.45,25.35,6.92,75.86,31.71,2.888,60.27,41.0,4.705,0,0,0,0.56,0.741,1.012,0.482,1.127,0.718,1.916,1.308,1.112,-0.581,-0.47,0.536
2025-09-29 23:50:00,Line-B,M1,Swing,P4,24,4.5,18.43,23.13,3.65,62.9,26.95,2.053,48.18,46.2,4.068,0,0,0,-0.795,-1.017,-0.765,-0.211,-1.253,-0.086,-0.017,0.576,0.487,-0.621,-0.433,-0.247
2025-10-16 15:12:00,Line-A,M1,Night,P1,51,1.3,8.79,29.51,10.91,70.29,30.22,2.11,61.78,43.8,4.58,0,0,0,0.103,0.527,0.586,0.374,0.442,0.711,0.233,1.114,0.578,0.071,-0.668,0.057
2025-10-18 20:31:00,Line-B,M2,Night,P2,54,6.3,8.03,37.68,22.28,80.97,35.43,1.474,61.84,40.0,4.813,0,0,0,1.688,1.38,1.886,1.737,2.046,-0.634,-0.395,-0.059,-0.517,0.225,0.652,0.258
2025-10-15 18:10:00,Line-B,M5,Swing,P3,24,0.5,15.59,28.58,11.5,72.34,33.05,0.673,57.27,47.3,4.621,0,0,0,0.85,0.884,,0.836,1.283,-0.729,-0.969,-0.882,-0.788,0.933,0.027,-0.03
2025-10-23 00:36:00,Line-A,M5,Day,P4,29,6.9,19.21,23.94,5.08,67.83,28.61,1.213,56.44,43.6,4.225,0,0,0,0.012,0.313,-0.084,-0.07,0.548,-0.361,-0.59,-0.031,-0.565,0.091,-0.613,-0.087
2025-09-03 09:40:00,Line-C,M4,Night,P1,21,4.1,5.55,26.93,9.72,66.44,26.28,1.079,50.43,37.2,4.318,0,0,0,-0.784,-0.508,-0.503,-0.416,0.183,-0.003,-0.499,-0.189,-0.465,-0.531,-0.141,-1.466
2025-09-08 15:08:00,Line-A,M4,Day,P1,22,5.4,10.56,26.77,10.13,68.28,32.05,,55.96,52.8,4.299,0,0,0,0.179,-0.317,0.367,0.248,1.028,0.418,1.362,1.295,0.961,0.178,1.064,0.965
2025-10-17 05:42:00,Line-B,M1,Swing,P2,40,4.3,10.31,27.59,9.19,72.89,31.78,2.988,58.86,37.3,4.568,0,0,0,0.547,0.405,0.61,0.868,0.484,1.089,1.644,1.425,2.095,-0.932,-0.786,-0.661
2025-09-21 13:42:00,Line-B,M1,Day,P3,39,10.2,19.94,26.27,7.97,71.18,30.75,1.483,54.82,30.2,4.3,0,0,0,0.379,0.026,0.444,0.747,1.142,-0.139,-0.693,-0.46,0.313,0.071,-1.268,-1.409
2025-09-24 18:33:00,Line-A,M5,Day,P1,21,2.9,8.46,27.47,15.57,79.65,30.2,1.565,59.21,43.9,4.526,0,0,0,0.929,1.062,1.426,0.916,1.514,-0.163,0.507,0.243,0.329,0.487,0.474,0.144
2025-09-24 15:51:00,Line-A,M4,Swing,P1,49,3.8,9.22,23.72,10.26,66.5,28.41,1.706,53.71,45.3,4.262,0,0,0,-0.323,-0.151,0.303,-0.87,0.203,1.635,0.959,0.749,1.12,-0.745,-0.74,-0.36
2025-09-20 13:57:00,Line-A,M3,Day,P2,15,0.7,13.59,23.49,10.47,66.77,28.38,0.363,50.58,37.9,4.04,0,0,0,-0.181,-0.409,0.09,-0.41,0.545,-0.633,-1.492,-1.107,-1.573,-1.263,-1.195,-0.897
2025-10-16 09:34:00,Line-B,M3,Night,P3,43,7.6,10.71,23.95,3.02,72.63,32.75,1.468,54.86,36.0,4.527,0,0,0,-0.146,0.512,0.794,1.029,0.52,-0.223,0.243,-0.248,0.185,0.225,0.438,-0.874
2025-09-21 18:28:00,Line-A,M3,Night,P3,9,1.7,14.36,21.4,6.49,66.31,26.31,0.967,52.98,41.0,4.352,0,0,0,-0.816,0.117,-0.012,-0.587,0.192,-1.066,-0.249,-0.511,-0.646,-1.457,-0.775,-1.491
2025-10-10 00:08:00,Line-A,M5,Day,P3,49,7.3,12.82,20.01,7.6,64.16,26.06,2.463,51.64,38.9,4.495,0,0,0,-0.747,-1.031,-0.361,-1.089,0.036,0.387,0.913,0.869,0.508,-1.201,-0.683,-0.805
2025-09-21 02:06:00,Line-B,M5,Night,P2,5,5.1,17.11,29.71,24.07,81.59,33.91,3.39,64.94,46.9,4.772,0,0,0,1.869,1.241,,1.462,1.571,1.945,1.32,1.329,2.337,1.491,0.942,0.522
2025-10-02 10:47:00,Line-B,M2,Swing,P2,30,1.1,11.53,23.55,11.86,62.15,23.7,1.147,49.06,47.5,4.274,0,0,0,-1.336,-1.269,-0.955,-0.884,-0.645,-0.346,-1.198,-0.02,0.117,0.47,-0.156,0.433
2025-09-26 20:21:00,Line-B,M1,Day,P2,10,7.7,13.52,21.89,6.06,69.5,30.36,0.133,51.1,42.5,4.041,0,0,0,0.249,0.586,1.483,0.798,0.289,-1.419,-1.258,-0.631,-1.065,-0.857,,-1.712
2025-09-20 05:49:00,Line-C,M5,Swing,P3,5,4.4,16.87,24.69,11.09,75.81,31.31,2.527,61.64,44.9,4.85,0,0,0,0.881,0.505,1.097,1.326,1.399,1.644,0.691,1.136,1.38,0.518,0.248,0.635
2025-09-14 04:43:00,Line-C,M4,Swing,P4,42,7.7,18.76,26.1,0.71,70.74,25.49,,53.53,53.2,4.511,0,0,0,-0.134,-0.006,0.32,0.62,0.861,1.176,0.583,0.795,0.203,-0.095,0.462,0.205
2025-10-20 12:10:00,Line-C,M4,Day,P1,27,6.1,7.01,26.49,15.69,77.95,32.58,0.886,55.95,51.5,4.068,0,0,0,1.659,0.848,1.586,0.714,1.222,-1.375,-1.622,-1.061,-1.004,0.878,0.965,1.077
2025-10-13 14:57:00,Line-B,M4,Day,P1,56,6.3,7.3,22.06,4.76,61.51,25.19,3.307,50.72,43.8,4.036,0,0,0,-0.612,-0.64,-0.91,-1.526,-0.15,2.153,2.117,2.016,2.371,-0.456,-0.201,-0.56
2025-09-15 05:31:00,Line-C,M5,Swing,P3,34,6.2,14.62,23.66,5.24,70.7,31.83,1.972,55.09,42.6,3.669,0,0,0,-0.028,0.546,0.954,0.804,0.296,0.569,0.559,0.399,0.538,-0.066,-0.709,-0.963
2025-09-07 04:50:00,Line-B,M1,Swing,P1,9,5.7,9.19,21.37,6.17,62.61,24.91,2.698,51.78,41.5,4.111,0,0,0,-0.593,-0.502,-0.662,-0.532,0.242,1.076,1.741,0.89,2.075,-1.106,-0.843,-0.659
2025-09-01 08:44:00,Line-C,M3,Day,P1,55,3.8,7.5,25.47,5.39,68.47,30.27,1.413,53.71,42.6,4.434,0,0,0,-0.182,0.188,0.383,0.687,1.052,-0.801,0.019,-0.249,0.904,-0.326,0.151,1.108
2025-09-28 21:08:00,Line-B,M3,Day,P1,33,5.2,5.75,27.5,9.09,64.78,27.7,1.112,49.45,33.0,4.751,0,0,0,-0.208,-0.145,-0.012,-0.055,-0.219,0.074,-0.255,0.089,-0.298,-0.827,-0.611,-1.459
2025-10-24 16:09:00,Line-A,M3,Day,P4,22,5.5,15.97,25.03,8.83,70.07,28.17,2.397,54.52,34.7,4.546,0,0,0,0.136,0.277,0.424,0.377,0.077,1.332,1.144,0.606,1.372,-0.565,-0.498,0.115
2025-09-23 22:00:00,Line-B,M3,Swing,P3,25,3.7,16.69,25.8,7.91,70.14,30.26,1.959,57.05,30.5,4.781,0,0,0,0.334,0.124,0.783,0.066,0.66,0.273,1.539,0.934,0.199,-0.642,-0.548,-0.463
2025-10-04 14:33:00,Line-A,M1,Day,P1,28,4.0,8.35,21.39,1.88,65.82,26.05,2.284,54.61,43.1,4.233,0,0,0,-0.652,-0.404,0.106,-0.036,0.275,0.756,0.318,1.551,0.969,-0.433,-1.351,-0.378
2025-09-02 15:12:00,Line-A,M4,Night,P2,51,8.5,12.91,29.82,22.79,80.37,34.2,3.684,63.98,41.2,4.579,1,3,1,0.787,1.569,1.878,1.228,2.107,1.944,1.497,1.688,1.798,-0.348,0.294,-0.285
2025-09-12 05:55:00,Line-B,M4,Day,P1,5,3.6,11.19,25.4,9.2,63.22,25.92,0.672,49.44,38.7,4.424,0,0,0,-0.531,-0.404,-0.247,-0.393,-0.173,-0.038,-0.954,-0.854,-1.442,0.262,-0.47,-1.345
2025-09-04 05:20:00,Line-B,M2,Night,P1,6,5.0,9.74,24.72,8.17,73.32,31.44,-0.207,49.33,42.1,4.689,0,0,0,0.222,0.589,0.589,0.48,0.826,-1.964,-2.247,-1.549,-1.446,-0.011,0.362,0.377
2025-09-22 14:49:00,Line-A,M3,Swing,P3,44,5.0,14.65,23.63,4.64,64.58,30.52,3.886,55.04,38.8,4.773,0,0,1,-0.604,-0.225,-0.035,0.591,-0.191,2.95,2.462,2.013,3.198,-0.755,-0.289,-1.063
2025-09-25 01:48:00,Line-B,M1,Night,P2,15,1.4,13.08,24.34,20.87,80.99,33.68,2.621,61.11,38.3,4.724,0,0,0,1.222,1.201,1.586,1.267,1.062,0.841,0.592,0.717,0.956,-0.144,0.748,-0.588
2025-10-08 05:06:00,Line-A,M3,Swing,P4,46,4.8,16.09,26.23,15.78,75.48,32.89,0.173,54.25,42.6,3.881,0,0,0,1.291,0.566,1.433,1.162,1.682,-1.244,-1.374,-1.74,-0.49,0.143,1.067,0.671
2025-10-29 18:20:00,Line-B,M2,Night,P3,54,5.0,14.23,27.97,8.15,73.83,29.13,3.454,59.01,34.4,4.573,0,0,0,-0.528,0.483,0.158,0.435,1.081,1.877,1.469,1.239,2.025,-0.848,-0.357,-1.743
2025-09-10 23:11:00,Line-C,M3,Swing,P1,58,2.4,8.47,29.14,7.76,66.76,30.97,3.297,61.29,46.7,4.762,0,0,0,0.29,0.49,1.014,1.18,0.56,1.474,2.199,2.419,1.33,0.056,-0.657,-0.172
2025-10-25 12:38:00,Line-A,M2,Day,P2,34,3.4,9.56,30.03,8.27,70.96,33.38,,54.58,40.3,4.519,0,0,0,0.112,1.117,1.018,0.775,0.415,-0.605,-0.458,-0.793,-0.481,-0.06,-0.55,-1.112
2025-09-06 17:23:00,Line-A,M3,Swing,P4,44,5.6,17.55,24.01,3.93,72.08,31.85,2.299,57.05,45.1,4.018,0,0,0,-0.189,0.526,1.167,0.559,0.315,0.971,0.261,0.263,1.502,-0.192,0.093,-0.583
2025-09-16 21:16:00,Line-A,M4,Day,P1,7,6.8,10.26,20.33,3.0,68.95,28.1,1.844,54.63,27.2,4.433,0,0,0,-0.539,0.132,-0.094,-0.059,-0.378,0.195,0.351,-0.154,-0.094,-2.098,-2.078,-2.235
2025-10-28 06:08:00,Line-A,M5,Swing,P1,5,7.5,8.19,18.46,3.9,60.16,23.81,1.79,46.89,44.7,3.692,0,0,0,-1.115,-1.288,,-0.649,-0.536,0.222,0.176,0.716,0.141,-0.677,-0.843,-0.653
2025-09-15 03:12:00,Line-A,M3,Day,P1,44,3.3,4.34,31.33,20.0,80.14,37.66,2.731,65.9,34.7,4.782,0,0,0,1.198,1.721,2.175,2.196,1.605,1.005,0.516,0.702,1.762,0.261,0.699,0.29
2025-10-16 02:31:00,Line-C,M4,Day,P3,10,4.0,13.45,19.68,8.57,67.3,25.04,2.342,53.33,47.2,3.981,0,0,0,-1.306,-1.026,-0.623,-0.946,-0.24,1.878,1.507,1.365,1.334,-0.813,0.602,-0.692
2025-10-03 05:10:00,Line-A,M3,Swing,P1,40,0.2,4.35,23.75,10.18,69.48,31.9,0.797,57.93,37.9,4.336,0,0,0,0.815,0.063,0.126,0.675,1.144,-0.418,-0.522,-0.55,0.111,-0.67,0.017,0.2
2025-09-20 00:18:00,Line-C,M1,Day,P1,59,7.1,12.0,22.83,4.7,67.37,26.72,1.098,47.88,36.1,4.075,0,0,0,0.055,-0.952,0.635,-0.302,0.211,0.605,-0.043,-0.735,-0.342,-0.857,-1.249,-1.923
2025-09-09 00:13:00,Line-B,M4,Night,P2,27,2.4,11.69,23.41,9.22,63.89,24.75,1.939,51.56,36.2,4.205,0,0,0,-0.683,-0.393,-1.014,-1.005,-0.612,0.164,0.598,-0.241,0.867,-0.768,-0.597,-1.535
2025-09-14 20:47:00,Line-C,M3,Night,P3,46,4.5,15.24,21.99,9.42,61.33,25.07,0.589,45.6,32.3,3.806,0,0,0,-2.183,-2.023,-1.673,-0.973,-0.786,-1.126,-1.224,-0.896,-1.064,-2.265,-1.797,-1.861
2025-10-09 11:14:00,Line-A,M4,Day,P2,48,1.1,9.68,26.35,11.8,70.91,30.17,1.273,54.83,35.3,4.905,0,0,0,-0.073,0.217,0.403,1.214,0.712,-0.599,-0.455,-0.804,0.179,-0.996,-0.547,-0.811
2025-10-10 19:53:00,Line-A,M5,Day,P4,27,2.2,18.28,26.66,4.92,65.42,27.83,2.401,54.31,47.8,4.802,0,0,0,-1.256,-0.547,-0.277,-0.083,-0.22,0.525,1.033,0.928,1.283,0.137,0.563,0.555
2025-09-21 13:02:00,Line-A,M3,Day,P3,12,4.9,17.41,21.21,15.47,74.19,34.57,2.241,58.98,36.3,3.522,0,0,0,0.776,1.191,1.154,0.575,1.653,0.208,0.25,0.583,0.584,-0.066,0.286,-0.94
2025-10-28 22:25:00,Line-A,M5,Day,P4,31,5.0,16.18,24.78,12.17,71.77,32.53,2.244,61.53,45.8,4.405,0,0,0,1.179,0.262,1.073,0.332,1.021,-0.103,0.75,1.524,-0.032,0.625,1.256,1.169
2025-10-08 16:14:00,Line-C,M4,Swing,P1,15,6.5,9.51,27.95,14.52,75.25,31.67,3.173,61.23,33.4,4.78,1,1,0,0.613,1.227,0.901,1.327,0.956,2.017,1.555,1.93,2.308,-0.58,0.311,-0.77
2025-10-27 20:51:00,Line-A,M5,Swing,P1,18,3.1,8.08,18.79,1.75,63.79,27.03,1.295,46.3,40.5,3.998,0,0,0,-0.825,-1.575,-0.726,-1.106,-1.261,0.115,-0.432,0.017,0.348,-0.637,-0.301,-0.546
2025-09-25 15:28:00,Line-A,M5,Swing,P1,29,5.4,8.71,23.48,4.69,65.48,28.62,1.416,55.87,45.1,4.29,0,0,0,-0.286,0.031,-0.178,0.18,0.386,0.433,0.091,0.227,0.319,-0.421,-0.459,-0.078
2025-09-12 04:15:00,Line-A,M5,Swing,P2,57,1.6,12.25,75.82697408269212,10.72,69.79,28.25,3.47,54.41,34.8,4.331,0,0,0,-0.732,-0.11,-0.358,-0.08,0.261,1.962,1.121,1.624,2.053,-0.506,-1.094,-1.29
2025-10-19 12:36:00,Line-B,M1,Day,P2,52,3.8,10.6,35.28,22.37,88.87,40.3,2.969,64.97,36.8,4.269,0,0,0,2.435,2.576,2.283,2.918,3.442,0.167,0.58,0.293,0.497,0.772,0.402,1.256
2025-10-24 16:36:00,Line-A,M3,Swing,P4,29,5.0,16.25,28.21,17.6,75.78,30.6,1.691,56.81,35.0,4.562,0,0,0,0.887,0.475,1.344,1.142,1.009,0.191,0.466,-0.562,0.175,0.61,-0.605,-0.308
2025-10-27 14:42:00,Line-B,M4,Night,P2,20,1.9,11.88,26.64,12.41,72.16,28.3,1.64,54.31,40.5,4.84,0,0,0,0.31,0.288,0.306,0.407,0.316,0.042,1.019,0.567,0.678,-0.895,-0.531,-0.475
2025-09-30 05:35:00,Line-A,M3,Swing,P1,10,1.7,12.57,22.01,10.81,77.44,34.19,0.558,53.82,37.2,4.627,0,0,0,0.316,0.281,1.018,0.422,0.63,-1.374,-1.085,-1.182,-1.504,-0.781,-0.686,-0.598
2025-10-14 19:38:00,Line-A,M2,Night,P1,8,1.2,9.42,29.17,10.08,74.63,33.04,2.009,55.63,41.3,4.668,0,0,0,0.436,1.205,0.905,1.341,0.808,-0.192,0.222,0.853,0.141,0.263,-0.114,0.362
2025-09-26 09:53:00,Line-A,M4,Night,P3,24,5.0,12.16,25.81,12.44,67.04,27.89,1.693,52.52,43.8,4.44,0,0,0,-0.185,-0.055,-0.319,-0.015,0.666,0.342,0.424,0.242,-0.066,0.052,-0.657,-0.346
2025-09-10 21:36:00,Line-A,M4,Night,P1,38,2.7,10.37,26.74,6.37,78.39,30.6,1.992,59.19,44.3,4.551,0,0,0,0.574,0.261,0.242,1.248,0.845,0.992,0.62,0.805,-0.457,0.516,0.321,-0.45
2025-10-30 11:28:00,Line-A,M4,Day,P1,19,3.3,9.87,30.63,18.76,86.16,36.76,2.455,63.47,39.6,4.83,0,0,0,2.284,1.316,1.95,1.455,2.273,1.182,0.555,1.526,1.06,0.676,1.072,0.758
2025-10-14 07:45:00,Line-A,M4,Swing,P1,57,2.4,6.28,28.04,13.75,71.37,31.06,2.711,54.78,33.2,4.263,0,0,0,0.194,0.513,0.164,0.296,-0.291,1.17,1.222,1.01,1.335,-0.779,-0.709,-0.506
2025-10-13 17:09:00,Line-A,M1,Day,P2,5,5.6,14.17,21.09,8.35,73.78,32.0,0.687,53.39,42.5,4.217,0,0,0,-0.235,0.837,0.26,0.811,0.717,0.018,-0.996,-0.636,-0.196,1.363,-0.016,0.214
2025-09-02 14:42:00,Line-A,M3,Night,P4,40,3.5,15.67,29.47,21.3,75.71,32.29,2.147,55.08,30.9,4.615,0,0,0,0.644,0.211,1.01,0.87,1.211,0.232,0.141,0.572,0.417,-0.21,-0.834,-0.62
2025-10-26 04:18:00,Line-A,M1,Day,P2,25,5.5,9.46,21.2,4.57,55.35,24.32,3.465,52.98,44.8,4.296,0,0,0,-1.771,-1.343,-1.057,-0.736,-0.334,2.132,2.044,2.519,2.069,-0.58,-1.412,-0.971
2025-09-03 23:07:00,Line-A,M1,Day,P1,35,7.1,11.2,21.05,4.46,59.26,24.14,0.657,47.76,33.4,4.495,0,0,0,-1.198,-0.85,-1.186,-0.07,-1.089,-0.477,-0.298,-0.392,-0.603,-1.142,-1.498,-1.707
2025-10-24 05:55:00,Line-B,M4,Day,P1,44,5.8,8.75,23.88,7.89,68.86,28.67,0.296,48.2,33.3,4.456,0,0,0,0.145,-0.307,-0.012,0.652,-0.062,-1.17,-0.862,-0.858,-0.896,-1.05,-0.473,-0.468
2025-09-09 07:07:00,Line-A,M4,Day,P2,23,3.8,14.2,28.28,15.34,76.23,36.45,3.156,62.54,42.9,5.051,0,0,0,0.963,1.149,0.868,1.579,1.28,1.094,1.352,1.328,1.185,0.009,0.48,0.509
2025-09-01 09:08:00,Line-B,M4,Day,P3,33,0.2,17.42,21.18,10.53,56.47,23.44,0.876,46.42,50.2,3.512,0,0,0,-1.931,-1.33,,-0.85,-1.175,-0.122,-0.251,-0.01,-0.806,-1.307,-1.825,-1.413
2025-09-20 01:55:00,Line-A,M1,Swing,P1,7,3.5,13.0,20.68,7.75,70.15,30.3,2.936,55.76,39.5,4.282,0,0,0,0.108,0.715,0.348,0.18,0.177,1.666,0.975,1.38,1.822,-0.62,-1.372,-0.583
2025-09-21 23:31:00,Line-A,M1,Day,P1,17,6.4,10.12,28.51,21.66,79.82,35.2,2.859,64.86,37.6,4.704,0,0,0,1.929,1.806,1.111,1.679,1.334,0.951,1.062,0.795,1.019,0.8,1.12,-0.195
2025-10-15 12:44:00,Line-A,M5,Swing,P4,59,5.0,20.96,28.53,11.65,72.78,29.7,2.889,58.99,43.6,4.333,0,0,0,0.135,0.449,-0.072,0.856,0.155,1.443,1.826,1.861,1.307,-0.785,-0.332,-0.805
2025-10-06 09:46:00,Line-B,M4,Night,P4,31,4.5,22.0,29.59,22.05,76.75,33.9,1.469,53.14,50.3,4.506,1,1,0,0.714,1.349,1.41,1.446,1.042,-0.662,-1.47,-1.198,-0.267,0.47,0.217,0.756
2025-10-16 03:37:00,Line-C,M3,Day,P1,7,4.8,14.84,25.93,18.19,82.61,,3.466,62.43,36.8,4.18,0,0,1,0.873,1.42,1.496,2.021,2.083,0.843,1.436,1.068,1.507,0.074,-0.056,0.005
2025-10-29 09:22:00,Line-C,M4,Swing,P3,46,5.0,13.52,25.09,6.09,67.26,29.83,1.087,54.47,42.5,4.077,0,0,0,0.438,0.591,0.235,0.14,0.223,-0.754,0.166,-0.165,-0.704,0.827,0.76,0.201
2025-10-01 18:32:00,Line-A,M1,Night,P1,50,0.2,7.75,27.47,18.77,77.63,31.32,3.0,59.6,35.0,4.503,1,2,0,0.527,0.076,0.967,0.349,0.784,1.846,1.676,1.228,1.421,0.406,0.188,-0.817
2025-09-02 08:48:00,Line-C,M1,Day,P2,17,1.7,13.15,22.04,9.54,64.48,28.83,1.515,51.05,32.5,4.601,0,0,0,-1.019,-0.233,0.765,0.385,-0.139,-0.123,-0.073,0.019,-0.618,-1.342,-0.469,-0.396
2025-10-13 20:20:00,Line-A,M1,Day,P1,46,4.2,5.37,28.07,10.76,69.71,31.29,1.803,56.51,48.2,4.596,0,0,1,0.059,0.675,0.971,0.876,0.519,-0.407,-0.187,-0.96,0.101,1.374,,1.529
2025-09-18 21:11:00,Line-A,M5,Swing,P1,49,5.1,11.05,34.06,20.24,84.19,36.04,3.03,60.04,41.3,4.857,0,0,0,1.907,1.675,2.144,2.353,2.586,0.013,0.636,1.399,1.16,0.556,0.94,0.001
2025-10-05 09:10:00,Line-A,M4,Day,P2,55,3.3,13.1,31.49,16.56,77.63,33.77,1.91,55.77,39.3,4.829,0,0,1,0.852,1.0,,1.171,1.934,-0.181,-0.406,-0.208,0.062,1.295,0.961,0.908
2025-10-11 16:37:00,Line-B,M3,Day,P1,21,1.8,8.88,25.42,9.55,72.84,31.23,2.279,58.72,25.8,4.556,0,0,0,-0.112,-0.265,0.557,0.959,0.261,0.807,1.087,1.025,1.377,-0.832,-2.159,-1.44
2025-09-10 05:38:00,Line-B,M5,Night,P1,51,4.3,11.58,26.35,10.16,69.49,27.66,1.944,52.61,43.5,4.479,0,0,0,0.397,0.414,0.373,0.393,0.741,0.113,0.404,0.454,0.606,0.483,1.085,-1.151
2025-09-24 13:25:00,Line-C,M1,Swing,P4,28,11.0,14.61,28.66,2.91,71.27,31.06,1.724,58.54,42.3,4.687,0,0,0,0.534,0.032,0.468,1.24,0.599,-0.059,-0.191,0.183,0.397,0.933,-0.015,0.894
2025-09-07 03:19:00,Line-A,M3,Day,P1,52,4.4,6.11,22.22,7.86,64.38,24.63,0.677,48.54,44.3,4.254,0,0,0,-0.849,-0.662,-0.548,-1.335,0.057,-0.782,-1.291,-1.087,-0.714,-0.397,-0.2,-0.804
2025-09-29 22:01:00,Line-A,M5,Night,P4,9,3.4,20.1,26.37,8.99,70.22,28.48,2.382,57.26,41.8,4.407,0,0,0,0.322,0.264,-0.021,-0.362,0.252,0.955,1.857,1.643,1.502,-0.474,0.164,-0.272
2025-09-13 15:17:00,Line-B,M5,Swing,P3,13,9.0,16.03,29.05,19.27,75.82,35.72,3.081,63.08,31.7,4.377,0,0,1,0.73,1.411,,2.391,1.774,1.614,1.144,0.553,1.181,-0.386,0.106,-0.539
2025-10-27 11:15:00,Line-B,M2,Day,P2,13,0.8,12.89,16.52,7.23,52.42,20.31,1.769,41.09,41.0,4.307,0,0,0,-2.58,-1.701,-2.105,-2.322,-1.764,0.316,0.09,0.141,0.158,-0.656,-1.706,-1.674
2025-10-17 08:09:00,Line-A,M1,Night,P3,50,4.9,13.76,26.1,11.41,73.06,29.86,2.2,57.11,41.5,4.099,0,0,0,0.167,0.734,1.204,0.37,0.438,0.781,1.301,1.471,0.768,0.426,0.097,0.523
2025-09-03 00:18:00,Line-B,M2,Swing,P3,32,2.2,16.96,29.18,5.75,64.25,27.17,,49.08,43.2,4.48,0,0,0,-0.524,-0.563,-0.895,-0.46,-0.599,-0.877,-0.751,-0.31,-0.406,-0.201,-1.618,-0.599
2025-09-05 23:28:00,Line-B,M4,Swing,P4,57,4.5,19.08,29.08,8.16,72.44,32.4,1.906,60.13,31.7,5.049,0,0,0,0.35,0.869,0.555,0.634,1.135,0.589,0.083,-0.014,-0.435,-0.443,-1.353,-0.312
2025-10-23 04:23:00,Line-A,M2,Day,P1,55,2.7,11.41,29.01,7.61,68.85,31.27,2.537,54.51,40.8,4.215,0,0,0,0.138,0.879,0.814,0.05,0.306,0.904,1.294,0.518,0.934,0.476,,-0.058
2025-10-30 03:05:00,Line-A,M4,Swing,P2,49,5.3,10.37,26.25,11.03,65.88,29.43,1.083,50.56,49.6,4.751,0,0,0,-0.503,-0.201,-0.292,-0.37,0.364,-0.502,-0.196,-0.315,-0.299,-0.214,0.114,-0.521
2025-10-08 13:28:00,Line-A,M4,Night,P3,52,4.6,16.07,29.52,8.5,72.07,31.97,3.553,55.32,35.1,4.446,0,0,0,0.343,0.131,-0.032,0.728,0.971,1.308,1.938,1.436,2.189,-1.248,-1.151,-0.482
2025-10-29 11:33:00,Line-B,M5,Swing,P3,6,2.6,17.45,22.36,6.54,74.74,30.56,2.304,54.79,40.5,4.093,0,0,0,1.007,0.321,0.185,0.171,0.756,0.315,0.175,0.892,0.836,-0.081,-0.208,-1.097
2025-10-06 18:33:00,Line-A,M2,Night,P1,55,7.7,8.62,26.81,10.88,77.23,32.13,1.62,54.7,38.1,4.562,0,0,0,0.611,0.254,-0.003,1.126,0.865,0.374,0.316,1.259,0.43,-0.135,-0.372,-0.606
2025-09-27 18:00:00,Line-C,M2,Night,P1,58,3.2,6.71,29.72,11.23,69.41,,1.573,50.97,33.0,4.648,0,0,0,-0.532,-1.17,-0.963,0.009,-0.112,0.821,0.945,0.755,0.434,-0.461,-0.947,-0.881
2025-09-26 23:04:00,Line-B,M1,Day,P1,28,3.0,6.51,26.16,17.28,77.49,33.96,2.593,59.88,36.4,4.296,0,0,0,0.971,1.259,0.333,1.102,1.052,0.009,0.772,1.386,0.777,0.611,1.292,-0.358
2025-09-27 17:48:00,Line-B,M5,Day,P3,55,4.2,14.34,31.72,14.94,83.34,36.7,1.224,55.53,35.4,4.469,0,0,0,1.22,1.833,1.239,1.895,1.845,-0.332,-0.125,-0.222,-0.643,0.15,0.516,-0.08
2025-09-22 15:01:00,Line-C,M2,Day,P1,30,5.7,6.45,29.26,7.63,66.73,27.94,0.2,47.85,35.4,4.594,0,0,0,-0.128,-0.583,,-0.013,-0.623,-1.135,-0.794,-1.226,-0.428,-1.128,-1.544,-1.653
2025-10-23 13:16:00,Line-A,M5,Night,P3,13,4.5,15.85,19.83,8.81,65.95,27.97,1.97,52.4,32.0,4.273,0,0,0,-0.298,-0.381,0.338,-0.345,-0.319,-0.525,0.684,0.112,-0.016,-1.079,-2.037,-1.594
2025-10-28 20:43:00,Line-A,M3,Day,P1,45,4.8,5.9,26.09,7.04,64.75,29.7,2.672,57.85,39.3,3.942,0,0,0,-0.61,-0.193,0.36,-0.124,-0.034,1.088,0.639,1.756,1.227,-0.855,0.194,-0.738
2025-09-27 09:57:00,Line-A,M5,Swing,P1,53,2.4,8.13,30.07,12.54,73.12,32.01,0.717,53.92,37.8,4.276,1,1,0,0.385,0.488,1.382,1.281,2.076,-0.704,-0.917,-1.048,0.13,-0.0,-1.384,-0.752
2025-10-10 06:12:00,Line-B,M4,Swing,P1,21,3.0,6.25,24.19,7.58,62.7,27.72,1.342,50.93,40.9,4.324,0,0,0,-0.511,-0.676,-0.097,0.076,-0.205,-0.164,0.076,-0.633,-0.36,-1.049,-0.286,-0.774
2025-09-17 04:48:00,Line-B,M2,Day,P1,10,5.4,9.43,24.73,4.2,65.68,26.24,2.197,53.01,37.9,3.95,0,0,0,-0.457,0.153,0.26,-0.193,-0.137,0.87,0.998,1.126,0.786,-0.72,-0.525,-1.077
2025-10-19 11:18:00,Line-C,M1,Swing,P4,33,2.6,19.1,28.88,17.18,76.88,31.96,1.704,55.89,45.2,4.573,0,0,0,0.517,0.545,0.895,0.801,1.045,-0.246,0.332,0.086,-0.234,0.868,1.348,1.39
2025-09-09 09:18:00,Line-A,M4,Swing,P1,30,3.7,4.44,25.29,8.68,68.73,25.87,1.075,54.28,46.1,4.38,0,0,0,0.144,-0.256,-0.164,0.27,-0.017,-0.054,-0.649,-0.596,-0.256,-0.316,-0.448,0.153
2025-10-27 07:03:00,Line-A,M2,Swing,P2,46,6.5,11.17,25.49,4.64,53.33,22.32,2.808,43.68,31.7,4.349,0,0,0,-2.364,-2.579,-1.517,-1.361,-1.452,0.815,1.474,0.741,0.999,-2.342,-1.469,-2.477
2025-10-03 10:43:00,Line-A,M5,Night,P3,42,4.5,13.76,28.92,12.24,73.45,27.21,1.541,55.53,44.3,4.481,0,0,0,0.061,0.232,0.733,-0.304,0.61,0.184,0.735,0.496,0.457,1.549,0.441,0.356
2025-09-04 08:51:00,Line-A,M4,Day,P3,56,4.9,15.17,29.0,5.4,71.42,30.27,1.858,58.49,39.0,4.236,0,0,0,-0.16,-0.603,1.283,0.007,0.336,0.058,0.444,-0.055,1.166,0.248,0.805,-0.243
2025-10-05 21:56:00,Line-B,M3,Night,P3,35,5.2,14.06,23.07,6.81,63.37,24.8,2.366,51.05,40.5,4.318,0,0,0,-1.185,-0.346,,-0.701,-1.171,1.176,0.899,1.227,1.598,-1.197,,-0.294
2025-09-05 15:41:00,Line-A,M3,Day,P1,8,3.4,11.01,23.26,19.92,74.83,37.1,4.451,62.56,41.7,4.436,1,6,0,1.384,1.317,1.423,1.046,1.439,2.431,2.19,2.971,2.762,0.004,0.311,0.262
2025-09-11 19:50:00,Line-B,M4,Night,P2,21,0.6,10.85,27.11,11.8,73.02,30.49,2.261,55.17,41.2,4.302,0,0,0,-0.781,0.374,1.322,0.669,0.51,1.633,0.709,0.725,1.177,-0.682,-0.012,-0.101
2025-10-02 11:44:00,Line-B,M1,Day,P2,20,3.2,14.18,20.28,8.6,61.53,22.89,2.469,49.64,42.6,4.215,0,0,0,-1.721,-0.449,-1.041,-1.268,-0.537,1.259,1.39,0.835,1.465,-2.051,-0.652,-1.713
2025-10-05 20:25:00,Line-B,M4,Night,P3,12,3.8,16.04,24.71,10.13,73.89,30.42,1.972,53.31,40.7,4.338,0,0,0,0.637,0.363,-0.013,1.731,0.455,0.296,0.28,0.337,0.517,-0.29,0.748,0.039
2025-10-26 07:11:00,Line-A,M1,Day,P2,10,3.1,12.29,24.54,14.83,74.75,29.22,1.5,57.73,32.8,4.375,0,0,0,0.897,0.689,,1.107,1.104,-1.053,-0.387,-0.266,0.18,-0.649,-0.057,-0.676
2025-10-17 01:26:00,Line-A,M2,Swing,P1,37,3.6,11.09,33.51,11.94,76.24,31.68,0.89,54.29,39.1,4.518,0,0,0,0.043,0.281,0.554,1.103,0.903,-0.708,-0.698,-1.53,-0.197,-0.445,,-0.572
2025-09-07 20:48:00,Line-B,M4,Day,P1,21,4.6,6.3,26.97,15.67,74.36,34.57,1.804,59.46,35.9,4.719,0,0,0,1.517,0.524,1.302,1.318,0.927,0.009,-0.24,0.21,0.185,0.56,0.141,1.352
2025-09-16 19:06:00,Line-A,M4,Day,P3,29,5.3,15.29,36.42,20.07,89.24,42.5,2.136,66.2,59.2,4.789,0,0,1,1.699,3.231,2.787,2.91,2.131,0.406,0.383,0.414,0.729,2.924,2.048,2.697
2025-10-29 12:17:00,Line-A,M3,Swing,P1,36,7.1,5.64,33.3,21.24,86.88,42.2,3.81,65.86,48.9,4.615,0,0,1,2.932,2.393,2.48,2.76,2.77,1.608,1.43,2.039,1.339,1.992,2.056,3.519
2025-10-09 11:20:00,Line-B,M3,Swing,P2,5,4.9,14.31,21.4,7.18,67.74,,0.205,48.71,40.0,3.924,0,0,0,0.068,-0.176,-0.571,0.564,0.253,-1.162,-1.26,-1.431,-0.617,-0.59,-1.208,-1.064
2025-10-23 18:13:00,Line-A,M5,Day,P1,9,6.4,8.75,16.65,2.57,59.19,22.76,0.87,48.58,39.7,4.474,0,0,0,-1.108,-1.071,-0.173,-0.336,-0.954,0.797,-0.05,-0.273,0.211,-1.674,-0.678,-0.657
2025-10-11 02:07:00,Line-B,M4,Swing,P4,8,4.3,17.45,27.08,9.91,73.65,32.16,1.814,56.77,38.7,4.65,0,0,0,0.631,0.465,1.049,1.536,1.025,0.228,0.705,0.096,0.11,0.617,-0.163,0.687
2025-10-16 20:23:00,Line-C,M4,Day,P4,56,4.6,15.34,26.45,2.12,68.49,27.81,1.84,52.1,26.5,4.266,0,0,0,-0.267,-0.814,,-0.644,-0.688,-0.061,0.618,-0.011,0.511,-2.345,-1.901,-2.53
2025-09-30 06:40:00,Line-B,M2,Day,P1,22,6.9,10.18,23.77,9.14,67.66,26.29,1.802,51.95,39.1,3.728,0,0,0,-0.077,-0.232,-0.66,0.314,-0.58,0.306,0.277,0.34,0.658,-0.229,-0.745,-0.419
2025-10-21 10:31:00,Line-B,M3,Night,P4,26,4.8,16.49,24.6,8.82,61.96,25.93,2.913,50.58,26.9,4.308,0,0,0,-1.593,-0.223,-1.095,-0.819,-0.816,1.412,1.391,1.774,1.963,-2.107,-2.528,-2.183
2025-10-28 11:15:00,Line-A,M2,Day,P2,22,7.9,12.08,26.97,16.84,75.73,31.89,2.425,65.44,45.2,4.476,0,0,0,0.76,0.698,1.03,1.437,0.767,1.045,1.042,1.387,1.073,1.229,0.521,0.192
2025-10-02 19:33:00,Line-A,M5,Day,P4,37,1.0,17.32,21.77,8.72,60.92,27.44,0.293,47.59,37.4,4.145,0,0,0,-0.793,-0.307,-0.666,0.005,-0.5,-1.556,-1.371,-0.93,-1.46,-0.772,-1.348,-0.787
2025-10-16 10:47:00,Line-C,M5,Day,P1,18,4.6,5.97,18.04,9.03,60.96,21.6,2.523,43.97,44.1,3.972,0,0,0,-1.749,-1.853,-1.38,-1.443,-1.018,0.4,0.891,-0.005,0.883,-0.58,-1.361,-2.037
2025-09-02 06:45:00,Line-A,M1,Night,P4,30,3.9,20.54,24.98,10.58,,26.7,,56.43,50.6,4.049,0,0,0,-0.498,-0.345,0.083,-0.407,0.186,1.667,1.667,1.948,1.677,-0.273,0.411,-0.932
2025-10-23 16:30:00,Line-C,M4,Day,P4,28,7.3,20.09,26.26,3.35,77.05,32.81,,58.67,39.7,4.338,0,0,0,0.73,0.659,1.15,0.677,1.623,1.395,0.969,1.05,1.548,-0.512,-0.148,0.625
2025-10-01 10:48:00,Line-B,M1,Swing,P3,22,4.6,18.46,18.8,9.3,57.27,25.57,1.514,43.98,47.7,3.686,0,0,0,-1.086,-1.422,-1.344,-1.325,-0.902,-0.147,-0.254,-0.629,-0.111,-0.856,0.14,0.038
2025-09-18 00:13:00,Line-A,M3,Swing,P1,22,4.1,8.26,24.14,7.45,68.09,,1.387,50.75,34.1,4.31,0,0,0,-0.95,-0.821,-0.654,-0.233,-0.235,-0.61,0.062,0.231,-0.366,-0.91,-1.074,-1.119
2025-09-18 15:35:00,Line-B,M2,Swing,P3,56,2.5,13.04,23.1,6.55,67.13,29.94,2.016,54.01,35.1,4.296,0,0,0,-0.798,-0.238,-0.194,-0.493,0.103,0.146,0.157,0.372,0.316,-0.392,-0.261,-0.462
2025-10-15 13:14:00,Line-A,M4,Swing,P2,8,3.3,13.28,20.67,12.21,64.68,28.86,1.763,48.86,41.6,4.034,0,0,0,-0.486,-0.056,-0.421,-0.348,0.382,-0.513,-0.131,0.373,0.056,-0.559,-0.575,-0.134
2025-10-04 00:53:00,Line-B,M5,Day,P1,29,3.1,7.39,26.95,3.96,,31.12,3.14,56.62,41.6,4.147,0,0,0,0.673,0.232,0.312,-0.368,0.732,1.709,0.916,0.946,1.584,-0.822,0.082,-0.293
2025-09-12 16:51:00,Line-B,M3,Night,P2,6,7.0,14.7,25.53,15.36,79.98,32.61,4.156,63.36,54.4,3.52,1,2,1,0.71,1.23,1.442,1.159,0.882,2.316,2.071,1.895,2.138,1.845,1.661,2.337
2025-10-08 22:37:00,Line-C,M3,Night,P1,35,2.2,11.22,26.44,9.99,71.16,32.18,1.23,53.46,31.0,4.329,0,0,0,0.284,0.035,-0.044,0.547,0.151,-0.32,-0.527,-0.701,-0.616,-1.078,,-1.561
2025-10-27 04:23:00,Line-A,M4,Swing,P3,49,8.8,12.87,29.18,12.28,74.48,35.42,2.418,62.47,33.1,4.817,0,0,0,1.007,1.369,0.923,1.212,1.084,0.549,0.746,0.652,0.697,-0.252,0.529,-0.016
2025-10-04 00:30:00,Line-A,M1,Swing,P2,58,2.3,11.77,26.09,6.73,66.49,26.32,1.223,49.05,42.6,4.709,0,0,0,-0.564,0.254,0.274,0.506,0.367,-0.377,-0.53,-0.366,-0.303,-0.075,-0.363,-0.73
2025-09-11 00:13:00,Line-A,M1,Day,P4,17,3.8,18.7,26.18,9.42,67.69,30.07,-0.089,51.02,38.9,4.667,0,0,0,-0.422,0.446,-0.398,-0.048,0.28,-1.292,-0.882,-0.843,-1.012,-0.662,-0.105,-0.846
2025-10-01 21:10:00,Line-A,M5,Day,P3,5,3.7,13.84,23.13,8.13,67.06,29.28,1.179,49.45,32.6,4.017,0,0,0,-0.706,-0.666,-0.664,-0.089,0.202,-0.638,-0.383,-0.147,-0.022,-1.399,-1.761,-1.54
2025-10-29 02:04:00,Line-C,M5,Night,P3,45,1.3,16.67,23.17,11.65,64.58,23.12,0.316,46.46,51.1,4.202,0,0,0,-1.354,-1.739,-1.64,-0.955,-1.075,0.147,-0.824,-1.106,-0.234,-0.287,-0.993,-0.453
2025-10-06 09:10:00,Line-B,M2,Night,P3,16,2.7,15.63,29.1,6.8,71.48,29.18,1.543,54.67,36.5,4.235,0,0,0,-0.295,-0.023,-0.018,-0.044,0.807,-0.171,-0.087,-0.025,0.004,-0.933,-0.664,0.466
2025-09-05 22:21:00,Line-A,M2,Day,P1,23,1.3,9.44,25.86,10.79,72.6,29.91,1.664,54.01,35.2,4.142,0,0,0,-0.087,-0.221,0.658,0.339,0.957,-0.341,0.276,-0.171,0.502,-0.45,0.832,0.674
2025-09-18 18:48:00,Line-A,M2,Night,P3,29,3.6,17.28,34.02,24.33,83.96,37.74,1.606,65.4,40.4,4.818,0,0,0,1.829,1.457,2.128,2.453,2.627,-0.801,-1.124,-0.88,-1.132,1.032,0.734,0.926
2025-09-06 23:39:00,Line-A,M5,Day,P4,9,5.5,19.94,21.57,8.21,73.01,32.25,,52.27,34.9,4.074,0,0,0,0.311,0.418,0.418,0.893,0.432,-1.059,-1.168,-1.47,-1.559,-0.346,-1.604,-1.072
2025-09-01 19:47:00,Line-A,M4,Night,P1,14,1.3,6.36,25.09,14.3,69.6,25.9,2.366,54.94,41.8,4.577,0,0,0,-0.323,-1.008,-0.065,0.034,0.47,1.374,1.576,0.608,1.329,-0.268,-0.536,-0.102
2025-09-24 11:29:00,Line-C,M1,Night,P1,27,8.4,7.07,29.87,22.75,82.08,36.35,2.128,60.28,39.6,4.753,0,0,0,1.12,1.356,2.277,2.091,1.836,0.586,0.257,0.084,0.664,0.194,0.496,0.36
2025-10-20 20:33:00,Line-A,M5,Day,P4,19,5.0,19.16,24.19,8.78,72.69,29.75,1.658,58.7,34.7,4.709,0,0,0,0.717,0.482,0.249,0.938,0.943,0.572,0.863,1.419,0.521,-1.052,-1.007,0.675
2025-09-05 23:55:00,Line-C,M5,Night,P3,54,6.1,13.49,28.04,8.03,70.91,27.81,1.895,54.56,46.6,4.569,0,0,0,0.676,-0.189,0.455,-0.251,0.272,1.479,0.868,1.05,0.791,-0.032,0.516,-0.075
2025-10-16 20:38:00,Line-B,M1,Swing,P2,9,6.6,11.74,22.19,6.47,64.27,28.71,1.414,50.05,35.0,4.517,0,0,0,-0.324,-0.504,-0.448,-0.715,-0.379,-0.266,-0.274,0.103,0.244,-0.34,-0.997,-0.314
2025-09-16 09:22:00,Line-C,M3,Swing,P2,58,2.3,12.34,29.34,11.91,64.58,26.16,,56.28,44.8,4.885,0,0,0,0.025,-0.589,-0.216,0.304,0.487,2.007,1.714,1.563,0.985,-0.065,0.122,0.49
2025-10-20 22:04:00,Line-C,M1,Swing,P4,41,1.9,17.44,24.51,12.73,61.17,24.37,1.394,46.35,29.1,4.278,0,0,0,-1.09,-1.099,-0.885,-0.253,-1.252,0.425,-0.522,-0.203,0.103,-1.909,-2.272,-1.994
2025-09-21 19:16:00,Line-A,M5,Night,P1,42,4.8,9.48,32.2,23.63,89.26,40.01,2.53,66.52,28.5,5.07,0,0,0,2.324,2.653,1.907,2.63,3.326,-0.312,-0.715,0.45,0.75,0.738,0.75,-0.123
2025-10-11 10:17:00,Line-C,M2,Night,P3,22,4.6,19.13,29.22,6.97,67.01,29.68,2.056,58.11,36.4,4.56,0,0,0,-0.229,-0.068,0.527,0.493,-0.391,0.251,1.121,0.164,1.025,-0.676,-0.755,-1.089
2025-09-05 14:37:00,Line-C,M5,Swing,P1,55,0.2,11.1,25.39,15.46,64.38,27.16,0.724,48.69,43.7,4.342,0,0,0,-0.516,-0.043,-0.063,0.008,0.02,-0.693,-0.225,0.029,-0.699,-0.716,0.372,-0.072
2025-10-16 12:21:00,Line-A,M4,Day,P1,18,2.0,9.13,34.39,22.14,84.79,39.71,2.133,66.56,31.9,4.697,0,0,0,2.267,2.871,2.236,1.71,2.428,0.096,-0.616,0.036,0.246,0.236,-0.032,0.69
2025-09-01 23:16:00,Line-A,M3,Swing,P1,9,5.1,8.55,26.18,16.96,76.01,36.29,2.118,59.86,43.8,4.625,1,0,0,1.343,1.171,1.384,1.662,1.83,0.294,1.057,-0.002,0.482,0.606,0.318,0.79
2025-10-11 22:40:00,Line-B,M1,Swing,P2,31,6.1,9.53,25.39,7.11,66.17,27.27,1.544,53.29,43.9,4.223,0,0,0,-0.644,-0.736,-0.338,-0.657,0.438,0.283,0.286,0.051,0.024,-0.068,-0.291,0.039
2025-09-29 03:49:00,Line-B,M4,Night,P1,37,4.8,10.69,28.62,17.95,75.72,32.84,2.819,61.11,35.9,4.56,0,0,0,0.635,1.486,1.725,1.394,1.756,1.263,0.477,0.594,1.589,0.386,-0.289,-0.465
2025-10-01 02:22:00,Line-A,M4,Swing,P4,11,5.0,19.49,22.98,9.68,71.58,30.14,0.625,50.74,44.9,3.828,0,0,0,-0.125,0.412,0.37,-0.191,1.173,-0.535,-0.288,-1.682,-0.954,0.775,-0.148,0.527
2025-10-27 13:47:00,Line-A,M4,Day,P1,39,10.3,11.64,30.19,16.01,82.21,34.58,1.214,61.67,46.1,4.873,0,0,0,1.705,1.45,1.12,2.532,2.06,-1.45,-1.221,-0.742,-0.716,0.806,1.004,1.383
2025-09-22 00:09:00,Line-A,M3,Swing,P3,35,6.0,19.22,23.23,2.26,69.78,30.36,1.924,55.03,37.2,4.192,0,0,0,-0.737,0.079,0.0,0.183,0.304,0.123,0.202,0.576,0.485,-0.278,-0.482,-0.805
2025-10-30 20:59:00,Line-C,M4,Swing,P4,20,8.8,19.38,22.48,6.43,69.39,27.33,2.011,51.56,33.8,4.141,0,0,0,-0.362,-0.396,-0.26,-0.248,-0.149,1.058,0.808,1.09,0.384,-1.664,-1.094,-1.298
2025-10-10 07:06:00,Line-C,M3,Day,P1,54,6.5,6.4,26.27,7.14,71.07,29.31,0.764,49.81,52.1,4.716,0,0,0,0.31,-0.596,0.086,0.864,-0.195,-1.0,-0.995,-0.93,-0.367,0.68,0.412,0.484
2025-09-16 13:43:00,Line-A,M1,Swing,P1,53,4.6,7.52,26.58,5.79,63.3,28.54,2.37,51.01,42.1,4.336,0,0,0,-0.917,-0.332,-0.267,-0.523,-0.536,1.516,0.833,0.504,1.061,-0.806,-0.376,-1.13
2025-10-27 21:18:00,Line-C,M2,Swing,P3,47,7.8,15.33,30.19,13.85,74.13,33.03,2.058,58.44,44.0,4.832,0,0,0,0.657,0.788,0.727,1.16,1.46,-0.337,0.081,0.477,0.095,0.694,1.453,-0.236
2025-09-26 03:42:00,Line-A,M4,Night,P1,27,7.0,6.64,30.29,9.83,74.79,31.91,2.131,59.79,44.5,4.876,0,0,1,0.548,0.893,0.961,1.026,1.283,0.495,0.311,0.033,0.163,0.634,0.717,0.739
2025-09-21 10:40:00,Line-B,M1,Night,P3,39,3.6,20.61,23.69,8.98,60.83,27.4,1.952,51.83,41.7,4.092,0,0,0,-0.63,-1.082,-0.331,-0.874,-0.039,1.398,0.721,0.962,1.011,-0.876,-0.835,0.401
2025-09-18 21:52:00,Line-B,M3,Day,P3,17,0.2,15.78,23.92,16.61,77.35,33.81,1.22,59.37,46.0,4.712,0,0,0,1.161,1.377,1.321,0.703,0.952,0.92,-0.59,0.887,0.109,-0.489,0.849,0.804
2025-09-08 04:32:00,Line-C,M5,Day,P2,28,5.4,12.13,19.03,3.69,61.7,24.81,1.843,51.67,35.9,4.082,0,0,0,-1.836,-1.415,-1.244,-0.849,-0.484,0.561,1.172,1.062,1.242,-1.656,-2.627,-2.305
2025-10-30 17:59:00,Line-C,M2,Night,P1,21,3.4,2.75,31.82,24.91,78.77,33.96,2.164,59.09,42.0,4.964,0,0,0,0.966,1.396,2.2,2.536,2.091,0.391,0.29,0.473,0.635,0.429,0.211,0.028
2025-09-04 13:37:00,Line-B,M3,Swing,P4,26,2.8,14.74,23.84,28.76890482085447,75.02,32.62,2.841,54.99,33.9,4.335,0,0,0,0.898,1.102,0.764,0.636,0.769,0.658,0.699,0.922,0.447,-1.31,-0.592,-0.705
2025-10-18 06:21:00,Line-B,M5,Day,P1,38,7.3,8.14,28.1,0.0,64.25,25.65,2.544,53.38,33.0,3.976,0,0,0,-0.444,0.166,0.155,-0.482,-0.405,0.75,1.032,1.588,1.804,-0.823,-0.514,-1.24
2025-10-14 21:18:00,Line-C,M3,Night,P2,18,4.9,13.43,27.93,23.45,80.99,36.3,3.959,65.51,35.3,4.192,1,2,1,1.479,1.767,1.558,1.419,2.121,2.293,2.465,2.307,2.081,0.291,,1.106
2025-10-24 16:52:00,Line-A,M5,Day,P3,57,6.7,15.95,30.18,3.23,69.05,30.33,1.466,52.09,50.8,4.477,0,0,0,0.645,-0.273,0.564,-0.146,-0.266,-0.806,-0.346,-0.909,-0.542,0.365,0.113,0.674
2025-09-22 18:13:00,Line-A,M5,Swing,P1,37,6.1,8.62,21.51,10.52,61.56,24.6,3.17,50.53,42.7,4.214,0,0,0,-1.189,-0.224,-1.149,-0.806,-0.471,1.422,2.19,1.866,1.406,-0.551,-0.811,-1.076
2025-10-25 09:54:00,Line-B,M5,Swing,P1,32,3.3,6.98,26.28,8.63,76.61,31.89,4.963,62.74,32.9,4.886,0,0,1,0.744,0.899,1.146,1.095,1.35,2.414,3.061,2.832,3.041,-0.118,-0.477,-0.803
2025-09-02 13:18:00,Line-B,M2,Swing,P2,59,3.8,10.57,27.1,6.87,69.87,27.81,2.548,60.04,40.0,3.98,0,0,0,-0.366,0.51,0.053,0.822,0.271,1.323,0.844,0.75,1.832,-0.854,-0.578,-1.612
2025-09-26 00:54:00,Line-A,M2,Day,P4,21,3.2,16.28,22.16,10.86,65.53,26.61,0.116,46.5,44.4,4.03,0,0,0,-1.003,-0.593,-0.382,-0.66,-0.596,-1.932,-0.696,-0.734,-1.337,-1.43,-0.156,-1.76
2025-09-24 14:14:00,Line-C,M2,Day,P1,40,1.4,6.97,30.66,14.07,72.62,29.16,3.374,57.83,29.9,4.355,0,0,0,1.12,0.366,0.64,1.184,1.022,1.406,1.681,1.776,1.987,-0.663,0.004,-0.061
2025-10-09 18:24:00,Line-A,M4,Day,P2,21,6.9,15.48,23.75,4.65,67.01,29.93,2.292,57.61,49.4,4.386,0,0,0,-0.547,-0.448,-0.113,-0.148,0.227,1.475,0.924,1.2,1.023,-0.359,-0.581,0.5
2025-10-22 02:52:00,Line-A,M4,Night,P1,40,6.1,5.55,24.58,11.08,63.04,27.23,3.183,54.4,43.1,4.756,1,3,0,-1.512,-0.715,0.243,-0.256,-0.433,1.315,1.823,1.945,1.463,-0.636,-1.095,-0.377
2025-10-17 17:54:00,Line-B,M1,Day,P2,57,1.9,10.37,27.48,10.46,66.71,32.21,1.122,52.1,38.8,4.316,0,0,0,0.071,0.464,0.323,0.614,-0.03,-0.922,-1.4,-0.555,-0.798,0.276,-0.714,0.198
2025-09-02 16:15:00,Line-A,M5,Swing,P1,7,6.9,8.84,22.85,6.48,71.75,30.03,0.884,55.89,37.8,4.317,0,0,0,-0.349,1.095,0.251,1.019,1.319,-0.851,-1.429,-0.615,-0.696,-1.043,-1.293,-1.13
2025-09-27 18:13:00,Line-C,M2,Day,P4,42,4.1,16.91,27.49,7.08,62.75,29.22,2.938,57.51,42.5,4.828,0,0,0,-0.695,0.134,-1.034,-0.051,-0.226,0.264,1.007,1.175,0.76,-0.523,-0.357,-0.364
2025-09-25 06:21:00,Line-C,M4,Night,P1,8,2.8,11.89,21.99,9.34,67.46,22.99,2.761,51.79,41.2,4.009,0,0,0,-0.271,-0.712,-0.387,-0.951,-0.161,1.432,1.57,0.547,1.66,-0.689,-0.843,-0.342
2025-09-12 22:05:00,Line-B,M1,Day,P4,52,2.9,18.44,29.24,17.26,74.8,33.9,3.315,60.47,48.7,4.257,0,0,0,1.281,0.588,1.37,1.211,1.394,1.173,1.85,1.605,2.161,-0.11,0.692,0.379
2025-09-08 20:20:00,Line-B,M4,Night,P3,11,4.5,15.56,24.07,10.04,72.27,31.03,-0.241,49.51,32.5,4.359,0,0,0,-0.679,-0.144,0.669,0.711,0.742,-2.022,-2.057,-2.037,-1.373,-0.684,-0.904,-1.25
2025-09-12 12:45:00,Line-C,M3,Night,P1,44,2.8,9.89,23.03,12.83,70.44,30.28,2.175,50.16,49.7,3.958,0,0,0,-0.586,-0.575,-0.14,0.352,0.263,0.81,0.322,0.574,0.267,-0.297,-0.29,0.264
2025-10-12 10:57:00,Line-A,M2,Swing,P1,9,2.4,6.67,23.62,12.35,72.4,30.03,1.745,55.06,44.7,3.907,0,0,0,0.745,0.876,0.258,0.218,0.456,-0.702,0.243,0.278,0.335,0.751,0.072,-1.378
2025-09-08 22:24:00,Line-B,M2,Swing,P1,55,3.6,7.35,27.61,7.72,67.21,31.28,1.079,56.33,41.0,4.568,0,0,0,0.034,-0.132,-0.136,-0.383,-0.132,-0.262,-0.237,0.468,0.095,-0.918,-0.964,-0.075
2025-09-06 01:50:00,Line-B,M4,Day,P2,41,5.6,12.55,25.9,7.49,70.29,28.5,2.208,58.6,30.8,3.972,0,0,0,-0.184,0.377,,-0.017,0.384,0.135,0.873,0.601,0.997,-0.831,-1.09,-0.22
2025-09-06 21:24:00,Line-B,M1,Day,P3,17,5.7,11.43,20.32,4.36,60.01,23.93,1.603,51.41,41.5,3.988,0,0,0,-1.498,-0.891,-0.908,-0.47,-0.659,-0.419,0.42,0.019,0.253,-0.708,-1.756,-1.457
2025-09-29 16:28:00,Line-B,M5,Day,P4,31,0.7,15.85,26.57,16.67,74.03,33.47,1.898,60.51,28.4,4.727,0,0,0,1.31,0.745,0.893,0.73,0.731,-0.731,-0.338,-0.512,-0.196,-0.288,-0.428,-0.355
2025-09-28 12:18:00,Line-C,M1,Swing,P1,32,6.8,8.64,29.66,3.48,71.14,30.18,1.841,57.04,55.0,4.625,0,0,0,0.133,0.618,0.353,0.223,0.535,0.6,0.325,1.093,0.231,0.693,0.921,1.531
2025-10-07 04:20:00,Line-B,M4,Swing,P2,37,2.5,10.24,19.04,6.34,57.49,18.85,2.603,50.4,47.6,4.228,0,0,0,-1.385,-1.361,-1.552,-1.094,-0.69,1.046,1.152,0.996,1.298,-1.151,-1.047,-0.711
2025-10-29 20:33:00,Line-B,M4,Night,P2,29,5.6,18.61,27.29,12.36,75.66,27.82,2.979,60.12,41.4,4.257,0,0,0,0.39,0.493,0.843,1.882,0.964,1.072,1.069,1.248,1.242,0.855,0.275,0.429
2025-09-17 07:27:00,Line-B,M5,Swing,P3,38,8.0,15.95,23.6,7.16,69.68,31.68,3.001,55.45,32.0,4.076,0,0,0,-0.465,-0.511,0.301,0.299,0.327,1.751,1.618,1.379,1.86,-0.911,-0.097,-1.275
2025-10-08 07:51:00,Line-C,M1,Swing,P1,57,2.4,6.96,33.38,20.94,77.64,35.12,0.79,53.95,42.3,4.856,0,0,0,0.742,1.434,1.502,1.899,1.302,-1.673,-2.185,-1.097,-1.162,0.592,0.311,0.254
2025-10-08 17:49:00,Line-A,M1,Swing,P4,21,0.6,16.05,22.06,10.16,63.03,25.02,0.914,47.65,49.1,4.025,0,0,0,-0.606,-1.118,-0.124,-0.529,0.368,-1.137,-1.218,-0.344,0.313,-0.539,-0.08,-0.87
2025-09-25 02:46:00,Line-B,M4,Night,P1,7,4.5,8.07,27.13,25.96,81.58,34.59,3.583,65.57,36.4,4.621,1,1,0,1.37,1.355,1.748,1.718,2.144,1.674,1.858,1.417,1.594,-0.101,,-0.427
2025-09-10 18:09:00,Line-A,M4,Day,P2,47,7.1,9.95,32.66,20.5,78.62,,-0.006,60.77,36.1,4.489,0,0,0,1.76,1.58,1.928,1.738,1.415,-2.633,-2.236,-1.514,-1.749,1.106,0.084,0.609
2025-09-10 22:13:00,Line-B,M1,Night,P2,59,6.4,12.38,30.13,10.84,73.85,30.94,2.287,55.69,44.4,4.305,1,3,0,0.194,0.639,0.428,0.252,1.252,0.176,0.478,0.854,-0.272,-0.324,0.01,0.259
2025-10-24 01:05:00,Line-A,M2,Swing,P3,20,7.2,15.96,22.02,4.44,62.68,22.18,1.23,49.09,40.1,4.025,0,0,0,-1.227,-0.597,-0.596,-1.322,-1.147,-0.044,-0.206,-0.484,0.467,-0.688,-0.82,-1.056
2025-09-13 05:19:00,Line-B,M4,Night,P1,42,6.1,9.67,25.58,5.06,66.89,29.06,0.315,49.98,37.4,4.147,0,0,0,0.126,-0.256,0.002,0.025,0.504,-0.664,-0.916,-0.93,-1.073,-1.18,-0.84,-1.44
2025-09-12 05:01:00,Line-B,M4,Night,P1,56,1.8,7.81,27.93,11.43,66.76,27.49,2.63,53.28,38.0,4.422,0,0,1,-0.846,-0.229,0.242,0.161,-0.263,1.534,0.773,1.807,1.512,-0.567,-0.721,-1.302
2025-10-27 07:23:00,Line-A,M3,Day,P4,59,4.8,15.94,24.41,8.99,68.66,27.21,1.9,52.56,40.6,4.579,0,0,0,-0.072,-0.528,-0.357,-0.479,-0.135,0.911,1.075,0.873,1.083,-0.148,-0.331,-0.914
2025-09-03 09:31:00,Line-B,M4,Day,P2,32,3.1,9.54,28.55,7.62,71.59,31.09,0.288,53.06,38.6,4.587,0,0,0,0.194,0.327,0.176,0.456,0.155,-0.948,-1.441,-1.077,-0.827,0.476,0.641,0.091
2025-10-21 09:26:00,Line-A,M4,Swing,P2,41,4.0,12.53,21.95,5.21,60.67,22.38,0.43,44.86,49.6,4.382,0,0,0,-1.744,-1.019,-1.732,-1.252,-0.801,-1.642,-1.024,-0.826,-1.134,-0.372,-0.829,0.109
2025-10-06 19:18:00,Line-A,M3,Night,P3,47,1.9,14.32,29.61,23.09,74.8,31.32,3.193,59.49,33.9,4.771,1,3,0,0.284,-0.059,0.832,1.537,1.209,1.937,1.101,0.773,1.26,0.235,-1.505,-0.091
2025-10-11 08:48:00,Line-B,M1,Day,P4,46,5.2,18.6,24.07,6.91,62.62,25.9,3.771,55.66,38.0,3.951,0,0,0,-0.737,-0.972,-1.187,-1.387,-0.849,1.771,1.907,2.514,2.262,-1.373,-1.192,-1.53
2025-10-18 07:47:00,Line-B,M1,Swing,P4,53,4.4,19.35,25.93,10.49,71.51,31.72,1.974,55.45,34.4,4.225,0,0,0,-0.112,0.245,0.647,0.569,0.113,0.517,0.868,1.094,0.791,-0.668,-0.898,-0.594
2025-10-09 04:46:00,Line-A,M4,Swing,P4,21,7.7,16.79,21.18,2.72,62.71,30.9,1.885,51.73,37.2,3.956,0,0,0,-0.862,-0.103,-0.134,-0.47,-0.364,0.552,0.055,0.312,0.628,-0.919,-1.172,-1.009
2025-10-21 04:29:00,Line-A,M2,Night,P3,48,0.2,14.6,31.36,15.99,75.66,32.26,2.164,56.53,47.3,4.885,0,0,0,0.682,0.908,0.952,0.941,1.068,0.68,1.318,0.927,0.868,0.838,0.602,0.421
2025-09-11 02:25:00,Line-B,M4,Night,P3,58,0.2,12.46,26.27,14.21,69.48,30.79,2.823,56.98,48.9,4.569,0,0,0,-0.06,0.32,0.084,0.146,0.706,0.918,0.867,0.828,1.132,-0.019,0.785,0.045
2025-09-29 05:05:00,Line-C,M5,Swing,P3,41,4.6,16.16,29.4,5.52,71.25,32.13,2.389,60.38,42.5,4.841,0,0,0,0.699,0.166,0.465,0.818,0.791,0.903,0.914,1.19,1.067,0.389,0.374,-0.069
2025-09-02 17:43:00,Line-C,M3,Night,P2,9,1.9,15.43,23.09,13.21,73.37,31.24,2.151,53.39,37.6,4.031,0,0,0,0.64,0.578,0.709,0.352,1.032,-0.48,-0.039,0.093,-0.222,-1.056,-0.916,-0.69
2025-09-30 02:46:00,Line-B,M5,Swing,P1,48,9.7,9.56,28.66,8.74,76.76,32.95,0.735,51.69,27.8,4.102,0,0,0,0.78,1.098,0.993,1.063,0.585,-0.752,-1.301,-0.936,-0.828,-0.301,,-1.196
2025-10-11 22:56:00,Line-B,M1,Swing,P4,24,4.2,17.76,28.29,15.36,79.01,31.34,2.935,61.44,38.1,4.578,0,0,0,1.001,1.014,1.122,1.458,1.282,0.665,0.291,1.65,1.497,2.33,0.942,1.024
2025-10-26 09:09:00,Line-C,M1,Night,P2,59,6.1,12.13,32.55,10.94,72.38,31.68,1.295,55.94,44.5,4.488,0,0,0,0.52,0.919,0.765,0.854,0.949,-0.668,0.13,-0.097,0.054,0.094,,0.228
2025-10-23 03:38:00,Line-A,M5,Swing,P1,26,4.6,9.64,22.34,12.35,69.65,31.11,2.911,54.39,33.6,4.339,0,0,0,-0.038,0.392,0.045,0.326,0.772,0.943,1.443,0.913,0.534,-1.427,-0.71,-1.107
2025-09-30 10:57:00,Line-A,M4,Day,P3,32,4.1,15.72,22.97,7.37,68.69,27.89,0.869,52.75,42.7,4.318,0,0,0,-0.389,0.487,0.204,0.379,0.53,-0.165,-0.693,-0.948,-1.274,-0.206,-0.458,-0.731
2025-10-06 13:29:00,Line-C,M2,Day,P1,39,6.0,9.42,27.56,5.61,72.94,29.13,1.212,55.54,36.5,4.509,0,0,0,-0.916,-0.049,0.734,0.174,0.471,-0.169,-0.882,-0.418,-0.506,-0.766,0.63,-0.206
2025-10-12 23:29:00,Line-C,M2,Swing,P4,38,1.3,20.48,25.51,6.14,61.61,25.5,1.812,45.46,41.2,4.593,0,0,0,-0.924,-0.687,-0.184,-0.869,-0.754,0.308,-0.073,0.494,0.248,-0.409,0.743,-0.473
2025-10-03 03:25:00,Line-A,M5,Swing,P3,50,4.7,15.4,29.52,19.72,78.83,36.5,4.358,63.12,44.2,4.675,1,2,0,1.609,1.397,1.556,1.401,1.257,1.675,2.116,1.891,2.675,0.944,0.865,0.676
2025-09-20 23:29:00,Line-B,M1,Swing,P4,6,3.8,18.19,27.29,11.49,74.69,33.29,3.795,63.52,27.8,4.692,0,0,0,1.053,1.112,0.935,1.207,0.476,2.337,2.095,2.215,2.367,-0.74,-1.355,-2.542
2025-10-24 05:37:00,Line-A,M5,Swing,P2,42,1.0,12.94,23.87,10.9,,29.19,,53.5,35.4,4.594,0,0,0,-0.191,-0.166,-0.035,0.474,0.473,0.137,0.146,-0.06,0.678,-1.916,-1.664,-0.847
2025-10-24 04:38:00,Line-B,M5,Swing,P1,43,4.1,8.4,31.67,9.49,67.91,30.75,3.172,60.36,33.5,4.66,0,0,0,-0.227,0.365,-0.119,0.401,0.962,1.975,1.747,0.996,0.753,-0.588,-0.341,-1.012
2025-09-24 10:33:00,Line-A,M2,Day,P1,13,5.9,10.52,21.12,5.16,62.59,23.46,2.386,55.78,32.3,4.109,0,0,0,-1.089,-0.455,-0.363,-1.097,-0.443,0.303,0.526,1.297,0.501,-1.815,-1.013,-0.944
2025-10-02 04:16:00,Line-A,M3,Night,P1,42,4.5,6.3,22.04,4.09,54.21,19.15,1.889,50.72,44.4,4.08,1,1,0,-2.29,-1.058,-1.917,-0.775,-1.48,0.055,0.418,1.021,0.604,-1.322,-0.765,-1.79
2025-10-13 11:27:00,Line-C,M3,Swing,P1,29,0.9,8.89,23.39,9.1,72.47,31.13,1.699,56.47,47.2,3.995,0,0,0,0.103,0.47,0.475,0.859,0.445,0.059,0.255,0.305,-0.003,-0.572,0.191,-0.016
2025-09-18 04:57:00,Line-A,M4,Swing,P1,48,4.1,5.71,32.27,18.76,79.25,,2.443,61.99,46.5,4.642,0,0,0,1.173,1.336,1.929,1.822,1.483,0.577,0.426,0.687,0.399,1.748,0.189,0.753
2025-10-18 07:28:00,Line-C,M3,Day,P1,37,6.1,7.03,23.0,9.98,70.91,25.43,1.805,47.87,41.8,4.435,0,0,0,-0.307,-0.182,-0.494,-0.407,-0.544,-0.031,0.285,0.687,0.904,-1.399,-0.587,-0.747
2025-10-09 13:35:00,Line-A,M1,Night,P2,45,4.6,11.27,20.59,11.4,67.48,25.1,1.23,50.37,46.8,4.097,0,0,0,-0.7,-0.696,,-0.339,0.296,-0.104,-0.41,-0.005,-0.415,-0.784,-0.606,-0.296
2025-10-14 20:57:00,Line-B,M1,Day,P1,49,3.6,7.32,27.92,4.32,67.63,29.94,2.073,58.93,34.6,4.305,1,2,0,0.039,-0.023,-0.158,0.218,0.558,0.416,0.823,0.378,1.218,-0.366,-1.25,-0.693
2025-10-25 15:14:00,Line-A,M1,Day,P4,57,1.8,17.39,23.2,14.27,73.63,,1.238,57.54,34.7,4.347,0,0,0,-0.045,0.224,0.504,1.077,0.463,-0.326,-0.329,-0.501,-0.334,-0.087,-0.155,-0.689
2025-10-25 16:47:00,Line-C,M5,Swing,P1,11,5.2,7.54,22.54,8.71,66.45,27.28,0.309,49.24,39.8,4.231,0,0,0,-0.621,-0.385,-0.095,0.152,0.381,-1.195,-0.98,-1.185,-1.259,-0.644,,-0.672
2025-09-29 08:57:00,Line-C,M3,Night,P2,52,5.9,11.77,33.14,7.95,,31.26,2.898,56.26,42.0,4.632,0,0,0,0.909,0.667,0.883,0.929,1.165,0.536,1.014,0.307,1.368,0.286,1.049,-0.26
2025-10-01 11:39:00,Line-B,M1,Day,P3,9,5.3,16.61,21.9,8.26,67.26,29.45,1.633,56.31,41.7,4.438,0,0,0,-0.059,-0.068,0.644,-0.162,0.284,-0.361,0.189,-0.301,-0.069,0.713,0.568,-0.068
2025-10-08 19:51:00,Line-C,M1,Day,P2,23,5.4,12.52,25.71,5.87,69.36,,2.151,58.33,37.8,4.534,0,0,0,0.398,0.539,0.451,0.691,0.536,0.572,0.725,0.16,0.841,0.035,-0.562,-0.971
2025-09-30 04:25:00,Line-B,M4,Night,P1,47,6.4,10.4,27.64,6.69,65.42,27.6,2.2,51.44,41.2,4.164,0,0,0,-0.682,-0.335,-0.345,0.204,0.311,0.276,0.335,0.273,0.435,-0.446,-0.581,-0.002
2025-10-06 02:13:00,Line-C,M5,Day,P1,55,10.5,4.89,28.48,5.2,70.73,30.67,2.258,53.09,41.9,3.994,0,0,0,0.026,0.472,0.196,0.213,1.197,0.594,0.657,0.793,0.905,0.262,-0.317,-0.773
2025-09-27 06:03:00,Line-C,M1,Swing,P1,18,5.0,12.12,27.17,22.98,78.79,36.69,2.841,64.64,51.1,4.866,0,0,0,1.452,1.523,2.133,1.175,1.995,1.125,1.965,1.183,0.631,0.959,1.192,0.615
2025-10-01 01:13:00,Line-C,M4,Swing,P2,9,4.3,14.01,26.48,16.2,78.31,34.36,1.371,61.05,42.7,4.262,0,0,1,1.143,1.575,1.392,1.543,0.855,-0.022,-0.048,-0.15,-0.301,1.189,0.236,0.459
2025-09-12 13:07:00,Line-B,M1,Day,P4,35,3.7,18.53,23.99,9.8,64.73,27.02,3.868,58.05,38.1,4.66,0,0,0,-1.174,-0.39,-0.459,-1.171,0.033,2.556,2.659,2.568,2.461,-0.533,-0.399,-0.6
2025-10-11 16:01:00,Line-C,M4,Day,P3,14,2.9,14.59,22.13,3.12,64.67,27.53,1.88,51.15,50.5,4.379,1,1,0,-0.356,-0.546,-0.808,0.386,-0.175,-0.459,-0.155,0.38,0.494,-0.271,,-0.319
2025-10-08 06:04:00,Line-B,M5,Swing,P4,31,7.3,17.23,18.69,5.45,61.81,19.83,0.794,45.42,34.8,3.814,0,0,0,-0.933,-0.784,-1.067,-0.894,-1.313,-0.092,-0.871,-0.424,0.215,-1.278,-2.017,-1.706
2025-10-23 01:01:00,Line-B,M2,Night,P2,31,3.0,6.79,27.23,8.61,74.18,31.18,0.46,51.73,43.5,4.504,0,0,0,0.152,0.282,0.562,0.534,0.639,-1.314,-0.522,-0.636,-0.93,0.374,0.55,-0.058
2025-10-24 09:28:00,Line-B,M2,Night,P3,49,2.2,11.7,30.71,10.49,60.51,24.46,1.994,46.08,33.5,4.439,0,0,0,-1.041,-1.487,-1.959,-0.601,-1.441,0.656,-0.211,0.416,0.41,-0.899,-1.27,-2.127
2025-10-25 00:14:00,Line-C,M3,Day,P4,6,4.1,20.92,21.07,8.38,69.75,29.56,3.11,55.5,35.8,4.469,0,0,0,-0.293,-0.121,0.597,0.612,0.14,1.425,1.183,1.243,1.48,-0.182,-0.802,-0.978
2025-10-27 03:24:00,Line-C,M5,Swing,P2,30,2.8,12.47,25.44,9.41,66.02,26.94,0.938,53.87,37.8,4.433,0,0,0,-0.62,-0.517,-0.462,-0.381,-0.042,0.258,0.027,-0.774,0.661,-0.907,-1.592,-1.512
2025-10-06 22:37:00,Line-A,M5,Day,P1,50,6.6,8.47,23.85,10.41,61.31,28.2,2.944,54.87,39.5,4.505,1,5,0,0.096,-1.033,-0.512,-0.608,0.17,1.651,0.802,1.307,1.254,-0.418,-0.303,-0.734
2025-10-22 17:24:00,Line-B,M2,Day,P1,18,5.1,8.88,20.8,11.03,69.22,28.2,1.031,49.78,38.9,4.465,0,0,0,-0.301,-0.331,0.125,-0.207,-0.194,-0.611,0.057,-1.039,-0.752,0.469,0.727,0.216
2025-09-02 22:28:00,Line-A,M1,Swing,P2,15,7.2,10.66,24.59,10.43,71.39,30.2,4.701,56.43,27.5,4.384,1,3,1,-0.014,-0.191,-0.118,0.197,0.286,2.238,3.07,2.698,3.781,-1.393,-2.268,-1.577
2025-10-27 02:32:00,Line-A,M5,Day,P2,52,3.7,14.13,29.06,11.08,66.31,30.52,0.58,49.15,35.8,4.463,0,0,0,0.503,0.774,-0.1,0.637,0.177,-1.178,-0.655,-1.211,-1.113,-0.413,-0.153,-0.844
2025-10-22 01:43:00,Line-B,M5,Day,P4,25,1.0,17.39,27.48,17.97,73.58,36.84,2.459,64.2,29.5,4.621,0,0,0,1.282,1.409,0.756,1.298,1.454,1.212,0.837,0.839,1.229,-0.399,-1.467,-0.889
2025-10-10 10:50:00,Line-A,M5,Swing,P1,53,5.6,3.56,25.71,4.75,69.81,29.82,1.357,52.89,34.4,4.355,0,0,0,0.348,-0.218,-0.185,-0.051,-0.542,0.004,0.645,0.102,0.059,-0.22,-1.108,-0.113
2025-10-27 21:39:00,Line-A,M3,Night,P3,11,4.2,14.45,18.41,11.87,59.52,24.04,1.974,49.22,42.1,3.755,0,0,0,-1.274,-1.078,-1.76,-1.591,-1.324,0.551,0.847,0.671,1.108,-1.287,-0.697,-1.559
2025-09-03 10:45:00,Line-A,M4,Day,P1,17,3.0,8.34,23.77,10.28,67.28,30.05,0.584,52.57,32.8,4.403,0,0,0,-0.544,-0.191,-0.757,-0.745,-0.355,-0.154,0.014,-0.679,-0.657,-1.136,-1.754,-1.663
2025-09-03 09:39:00,Line-B,M4,Day,P3,24,5.1,14.27,23.52,8.77,65.01,26.17,3.118,53.67,40.9,4.626,0,0,0,-0.132,-0.107,0.493,-0.117,0.024,0.566,0.806,1.145,1.08,-0.328,-0.046,-0.502
2025-10-10 15:45:00,Line-A,M1,Night,P2,22,5.2,15.15,23.07,8.47,68.15,29.03,2.092,52.59,40.5,4.516,0,0,0,-0.099,0.176,-0.637,-0.349,-0.1,0.551,-0.276,-0.049,0.898,-0.049,-1.064,-0.279
2025-09-11 00:06:00,Line-C,M2,Day,P4,40,1.7,17.69,26.9,9.4,72.78,30.88,0.615,54.43,42.9,4.721,0,0,0,0.688,-0.195,0.189,1.701,0.911,-1.151,-0.525,-1.079,-1.104,-0.626,-0.853,0.466
2025-10-27 00:26:00,Line-A,M2,Day,P3,39,3.2,16.06,29.67,8.84,71.93,33.85,1.43,57.12,48.8,4.707,0,0,0,0.46,0.783,1.488,1.283,0.931,0.783,0.16,0.067,-0.039,0.719,1.275,1.771
2025-09-30 05:14:00,Line-B,M2,Swing,P2,48,4.3,9.49,25.64,8.0,67.52,25.8,0.823,48.36,35.8,4.471,0,0,0,-0.489,-1.076,-0.418,-0.659,-0.288,-1.108,-0.998,-0.662,-0.68,-0.78,-0.786,-0.303
2025-09-15 13:35:00,Line-B,M2,Swing,P1,46,9.1,9.55,28.84,4.26,73.65,32.01,4.211,62.07,41.4,4.776,1,0,0,0.266,1.014,0.548,0.839,1.181,2.373,2.584,2.846,3.4,-0.101,0.258,0.252
2025-09-15 22:49:00,Line-B,M2,Swing,P1,53,1.9,8.96,31.24,9.99,72.65,31.91,3.624,64.25,36.6,4.726,0,0,0,-0.233,0.202,0.322,0.844,0.756,1.462,2.323,1.447,1.756,-1.044,-0.641,-0.305
2025-10-27 12:04:00,Line-C,M3,Night,P4,23,3.0,20.41,26.81,16.86,71.22,31.63,,54.98,46.0,4.679,0,0,0,0.332,0.768,-0.324,0.516,1.152,-0.563,-1.141,-0.258,-0.378,0.433,0.486,-0.056
2025-09-20 09:47:00,Line-B,M3,Swing,P2,47,2.1,13.56,23.96,8.81,67.82,30.76,1.445,56.76,45.7,4.55,0,0,0,0.176,0.566,-0.093,0.493,0.872,0.635,0.272,0.61,0.817,-0.068,0.184,-0.907
2025-09-13 01:11:00,Line-C,M3,Night,P2,33,3.0,9.27,25.04,11.46,68.44,,0.68,49.17,21.3,4.347,0,0,0,-0.323,-0.415,-0.455,0.22,0.015,0.198,-0.449,-0.275,-0.717,-2.383,-1.702,-1.983
2025-10-12 16:58:00,Line-C,M4,Swing,P1,21,1.7,8.73,24.45,5.06,68.99,31.1,1.658,57.03,46.7,4.341,0,0,0,0.046,0.072,0.487,1.027,0.648,-0.041,0.687,0.382,-0.017,0.179,-0.06,-0.543
2025-10-07 14:59:00,Line-A,M1,Day,P2,49,4.7,12.29,26.57,10.72,65.39,27.56,2.471,53.53,41.6,4.559,0,0,0,-0.451,-0.555,-0.585,0.205,-0.087,1.564,1.049,0.875,1.25,-1.279,-0.827,-1.313
2025-09-03 10:38:00,Line-C,M1,Day,P2,51,6.4,14.51,29.58,8.0,72.88,32.91,0.433,52.89,41.1,4.595,0,0,0,0.326,0.686,0.272,1.133,1.023,-0.84,-1.134,-0.49,-0.581,-0.296,-0.468,-0.016
2025-10-31 01:28:00,Line-B,M2,Swing,P3,28,5.9,12.38,28.97,6.26,75.39,32.76,1.632,56.78,36.7,4.152,0,0,0,0.93,1.091,0.79,1.236,0.528,-0.406,-0.63,0.266,0.21,-0.384,,-0.046
2025-09-05 21:54:00,Line-B,M1,Day,P4,30,6.1,19.38,21.7,5.94,64.51,25.38,2.192,49.92,44.5,4.379,0,0,0,-0.873,-1.19,-0.107,-0.221,-0.431,-0.282,0.222,-0.107,0.775,-0.927,0.474,-0.13
2025-10-02 22:49:00,Line-B,M4,Night,P1,10,4.9,8.85,20.74,12.63,,21.9,1.642,45.3,36.4,3.806,0,0,0,-1.151,-1.804,-1.369,-1.264,-1.076,-0.072,0.744,0.342,0.981,-0.783,-0.949,-1.898
2025-09-24 08:25:00,Line-B,M2,Swing,P2,43,2.1,10.16,30.78,12.82,71.21,30.76,2.205,58.07,36.2,4.503,0,0,0,0.803,0.867,0.699,0.812,0.434,0.53,1.046,0.613,0.623,-0.153,-0.363,-0.87
2025-10-20 18:28:00,Line-C,M3,Day,P3,12,2.1,17.14,18.97,23.15,76.1,33.52,2.303,59.4,39.7,4.393,0,0,0,1.077,1.092,1.278,1.419,1.122,1.084,0.608,0.365,1.329,0.885,0.435,0.047
2025-09-05 20:21:00,Line-B,M5,Day,P2,5,1.3,12.6,22.2,7.4,70.93,33.35,2.832,59.12,42.0,4.331,0,0,0,0.791,0.606,0.58,0.408,0.756,0.8,1.672,1.616,1.129,-0.802,-0.192,0.156
2025-09-13 03:10:00,Line-A,M5,Swing,P1,9,3.0,10.65,23.05,7.59,72.85,30.41,1.84,56.72,47.2,4.231,0,0,0,0.31,0.65,0.906,0.036,0.593,-0.036,0.349,0.637,-0.353,0.027,0.177,-0.061
2025-10-26 14:08:00,Line-C,M2,Day,P1,12,3.2,10.39,18.93,6.47,64.39,29.11,1.564,49.46,43.8,3.831,0,0,0,-0.77,-0.182,-0.849,-0.37,-0.428,-0.109,-0.581,0.1,-0.43,-0.333,-0.486,-0.5
2025-10-19 23:02:00,Line-A,M2,Swing,P2,52,0.5,14.43,31.24,7.11,72.1,33.16,1.953,52.95,35.5,4.172,0,0,0,0.897,1.31,0.367,1.586,1.218,0.146,-0.284,-0.023,-0.466,-0.151,-0.35,-1.293
2025-10-10 16:51:00,Line-A,M4,Day,P2,27,6.3,10.12,26.91,6.26,73.28,32.37,1.451,51.49,45.1,4.342,0,0,0,0.102,0.252,0.449,0.237,-0.05,0.776,0.132,-0.187,0.293,-0.21,-0.116,-1.051
2025-09-27 03:35:00,Line-B,M5,Swing,P3,13,4.4,15.06,27.88,20.43,78.58,32.84,3.584,59.44,36.6,4.607,1,2,0,1.583,1.879,1.445,1.97,1.001,1.188,1.514,1.508,1.558,-0.006,0.227,-0.281
2025-10-15 19:38:00,Line-A,M2,Swing,P3,12,4.3,21.01,25.62,8.34,71.62,33.88,0.398,57.85,33.4,4.321,0,0,0,0.402,0.484,0.343,0.297,0.412,-0.72,0.232,-0.653,-0.11,-0.217,-0.637,-1.442
2025-09-27 05:45:00,Line-B,M1,Night,P2,44,4.2,12.54,27.02,6.73,70.77,31.41,0.992,51.55,45.3,4.367,0,0,0,1.162,0.467,0.682,0.801,0.447,-0.449,-0.833,-0.733,-0.193,-0.126,0.488,-0.423
2025-09-22 21:25:00,Line-A,M1,Day,P1,29,5.0,9.23,25.46,26.27783743414662,70.57,29.03,1.183,52.22,51.3,4.361,0,0,0,-0.575,0.511,-0.056,1.383,0.622,0.553,0.188,-0.286,-0.498,0.885,1.198,0.573
2025-09-08 12:20:00,Line-A,M4,Night,P1,16,6.3,8.48,25.6,7.13,69.27,26.62,2.39,55.59,55.0,4.772,1,0,0,-0.333,0.411,0.063,0.453,0.795,0.561,0.317,1.173,0.906,0.207,0.669,1.245
2025-09-10 06:34:00,Line-A,M3,Night,P2,29,4.1,9.91,54.687081572938474,20.72,81.14,37.08,4.631,68.29,37.4,5.155,1,5,1,1.243,0.436,1.0,1.638,1.531,2.009,2.684,2.46,2.559,0.183,-0.149,0.572
2025-10-08 10:59:00,Line-A,M5,Swing,P3,46,5.1,14.75,24.43,3.08,69.62,31.14,1.395,54.18,42.0,4.069,0,0,0,-0.594,-0.177,0.098,-0.474,-0.665,0.498,0.288,0.553,0.101,-0.265,-1.126,-1.02
2025-09-22 23:42:00,Line-A,M4,Night,P2,38,8.5,14.52,31.55,17.7,77.98,33.34,0.908,62.01,32.8,5.118,0,0,0,1.223,1.556,2.074,1.836,0.602,-0.327,-0.391,-0.59,-0.157,-0.151,-0.258,0.11
2025-10-15 15:01:00,Line-B,M3,Swing,P2,29,6.5,11.89,24.5,5.32,65.2,25.35,3.351,51.6,38.9,4.265,0,0,0,-0.169,-1.179,-1.104,-0.281,-0.602,1.708,1.611,1.816,1.009,1.067,0.067,-1.064
2025-09-26 06:50:00,Line-B,M3,Swing,P2,59,2.6,12.64,29.48,8.4,68.23,32.48,2.814,59.29,37.8,4.584,0,0,0,0.802,0.559,0.056,0.254,1.422,1.591,0.966,1.446,1.0,-0.452,0.023,-0.083
2025-10-21 19:29:00,Line-B,M5,Day,P3,15,9.4,13.8,26.77,12.89,81.11,37.73,3.488,64.71,37.0,4.654,0,0,0,1.517,2.058,2.225,2.531,2.08,2.858,2.047,1.643,1.972,0.349,0.782,0.097
2025-09-20 18:29:00,Line-B,M2,Day,P2,53,8.3,11.79,24.45,7.99,66.52,25.98,-0.196,43.95,32.8,4.09,0,0,0,-0.26,-0.677,-0.768,-0.676,-0.33,-1.303,-1.507,-1.942,-1.442,-1.638,-0.887,-0.756
2025-10-05 22:48:00,Line-A,M3,Night,P3,28,3.1,14.63,29.45,23.14,82.63,35.58,2.404,63.32,30.3,4.678,0,0,0,0.946,1.282,,2.43,1.261,0.274,0.66,0.463,0.764,-1.256,-0.798,-0.996
2025-10-07 11:08:00,Line-C,M5,Day,P1,53,5.3,11.3,27.2,7.19,62.87,29.31,0.091,44.65,39.2,4.448,0,0,0,-0.845,-0.456,-0.872,-0.5,0.025,-1.085,-1.741,-0.869,-1.672,-0.711,-0.671,-1.275
2025-10-30 05:46:00,Line-A,M3,Day,P2,49,3.3,12.8,21.3,3.86,68.13,30.6,,50.59,44.9,4.207,0,0,0,-0.014,-0.216,-0.024,0.623,0.17,-0.07,-0.682,-0.816,-0.408,-0.345,-0.475,0.592
2025-09-21 14:30:00,Line-C,M5,Day,P1,43,7.7,7.71,18.04,3.63,58.15,23.86,0.518,45.53,42.4,3.768,0,0,0,-2.242,-1.189,-1.393,-1.229,-1.162,-1.767,-0.574,-0.593,-0.826,-1.293,-0.756,-0.892
2025-09-24 16:05:00,Line-B,M1,Night,P2,46,4.1,9.5,27.15,6.21,73.35,30.46,1.692,54.96,46.6,4.626,0,0,0,-0.015,0.303,0.172,0.92,0.88,0.223,0.848,0.487,0.879,0.373,0.111,0.09
2025-10-07 21:51:00,Line-A,M5,Day,P2,19,0.2,12.79,23.6,11.38,69.6,27.73,2.215,53.3,40.9,4.676,0,0,0,0.011,-0.102,,0.613,0.718,0.727,0.805,0.13,0.813,-0.426,-1.659,-0.635
2025-09-30 00:06:00,Line-A,M4,Swing,P1,38,0.2,6.83,26.99,8.03,69.46,28.96,3.602,58.52,38.7,4.733,0,0,0,-1.113,0.4,-0.845,-0.334,0.192,1.95,2.501,2.514,2.939,-0.093,,-0.301
2025-09-23 14:57:00,Line-A,M2,Swing,P1,46,5.3,8.45,21.78,5.89,62.91,24.48,2.341,50.83,33.0,4.385,0,0,0,-1.359,-0.938,-1.284,-0.746,-0.404,1.233,0.951,1.007,1.394,-2.424,-2.062,-1.275
2025-09-18 03:33:00,Line-B,M2,Day,P4,28,6.3,19.55,27.11,15.01,72.29,34.92,1.26,57.04,42.5,4.264,0,0,0,0.553,0.393,1.261,0.51,1.479,-1.35,-0.314,-0.335,-0.59,-0.071,-0.799,0.117
2025-10-06 11:30:00,Line-C,M5,Day,P3,5,6.4,14.46,16.39,6.87,56.74,25.59,2.203,50.27,31.1,4.097,0,0,0,-1.215,-0.615,-1.374,-0.682,-0.706,0.116,0.862,0.189,0.842,-2.178,,-1.679
2025-09-18 10:37:00,Line-B,M5,Swing,P1,37,4.1,7.62,24.52,8.33,72.13,30.48,1.587,55.93,37.9,4.242,0,0,0,0.23,0.044,0.448,0.391,0.575,0.175,0.738,1.009,0.251,-0.38,-0.496,0.798
2025-10-26 05:39:00,Line-A,M4,Day,P3,13,4.1,14.53,25.29,9.69,71.95,29.46,1.478,55.17,43.5,4.154,0,0,0,0.441,0.377,0.93,0.955,0.675,-0.503,-0.801,-0.347,-0.276,0.55,-0.138,0.642
2025-09-08 19:09:00,Line-B,M2,Swing,P1,59,4.4,6.51,29.34,5.15,61.27,26.78,1.355,50.36,48.2,4.468,0,0,0,-0.809,-1.169,-0.297,-0.288,-0.227,-0.571,-0.127,-0.587,-0.198,-0.034,0.485,-0.256
2025-10-21 10:12:00,Line-B,M2,Night,P4,9,6.7,21.86,26.39,13.06,70.37,27.18,2.981,60.45,33.2,4.643,0,0,0,-0.407,-0.072,0.002,0.605,0.217,1.538,1.517,1.517,1.304,-1.082,-0.166,-1.07
2025-09-21 14:10:00,Line-B,M5,Day,P3,12,3.2,18.06,19.62,1.67,60.58,25.7,1.688,46.79,51.5,4.328,0,0,0,-0.986,-1.664,-0.7,-1.536,-1.158,-0.218,-0.091,0.056,-0.268,0.213,0.433,-0.368
2025-09-19 04:11:00,Line-B,M3,Night,P3,21,3.2,16.06,23.84,11.69,68.95,28.61,3.174,61.44,52.3,3.999,0,0,0,-0.071,-0.339,0.399,0.12,0.342,2.668,2.679,2.685,2.241,0.865,0.698,0.827
2025-09-19 13:25:00,Line-A,M4,Day,P4,31,3.6,19.17,29.87,22.75,89.14,39.3,3.021,68.06,50.6,4.897,0,0,1,2.497,2.359,3.684,2.669,2.854,0.665,1.359,0.792,1.161,2.163,2.983,1.582
2025-09-06 06:27:00,Line-B,M4,Day,P1,24,6.4,3.5,22.6,20.12,76.72,33.9,3.017,59.26,38.0,4.215,0,0,1,1.096,0.769,1.302,2.05,1.246,0.705,0.789,0.518,1.581,0.33,0.874,0.4
2025-10-05 00:15:00,Line-A,M4,Night,P1,18,0.2,8.56,29.54,23.66,80.73,34.31,2.66,65.7,32.3,4.352,0,0,0,1.633,1.029,1.699,1.599,1.763,0.856,0.188,0.558,0.626,0.504,-0.412,-0.382
2025-09-15 17:12:00,Line-C,M2,Day,P1,35,5.9,9.79,31.22,5.86,73.52,31.62,1.526,57.49,31.3,4.875,0,0,0,-0.272,0.432,1.035,0.272,0.755,-0.392,-0.041,0.812,0.255,-0.24,-1.524,-1.085
2025-09-24 09:55:00,Line-B,M1,Day,P4,18,8.6,17.66,19.47,4.18,67.82,30.11,0.219,52.02,32.4,4.193,0,0,0,0.309,-0.098,-0.032,-0.256,0.568,-1.433,-0.928,-0.878,-1.907,-1.195,-1.15,-0.289
2025-09-25 01:53:00,Line-C,M4,Swing,P2,56,3.2,13.09,32.52,6.07,72.22,31.9,3.605,58.92,50.4,4.396,0,0,1,-0.093,0.094,0.529,0.212,0.306,2.256,2.379,2.397,2.424,1.294,0.153,1.042
2025-09-06 20:27:00,Line-A,M5,Day,P2,5,4.8,11.52,24.16,16.25,73.65,32.88,2.568,56.3,37.9,4.546,0,0,0,0.735,0.399,0.722,1.878,1.676,1.026,1.283,1.033,1.276,0.074,0.377,-0.726
2025-09-03 03:32:00,Line-A,M5,Night,P1,44,4.9,10.51,27.8,9.31,71.17,27.44,1.627,54.58,36.1,4.549,0,0,0,-0.386,0.23,0.657,-0.028,-0.107,0.246,0.196,0.816,0.875,-0.048,-0.469,-1.12
2025-10-15 15:27:00,Line-B,M5,Night,P2,51,3.8,12.28,35.14,19.13,,36.32,,63.39,32.6,4.93,0,0,0,1.078,1.238,1.873,1.911,2.274,0.196,-0.09,-0.634,-0.683,1.191,,0.483
2025-09-28 20:27:00,Line-A,M4,Swing,P2,59,3.4,10.34,29.6,11.1,76.46,33.19,1.816,58.02,38.6,4.705,1,1,0,0.444,0.412,1.071,1.31,0.772,0.514,-0.159,0.045,0.549,0.194,-0.454,-0.162
2025-09-25 08:07:00,Line-A,M5,Day,P3,28,2.5,16.43,22.11,4.97,66.25,26.34,1.57,51.28,33.6,4.354,0,0,0,-0.42,0.068,-1.192,-0.179,0.293,0.585,-0.316,0.331,0.402,-0.956,-0.264,-1.212
2025-10-24 17:51:00,Line-A,M2,Swing,P2,8,8.8,18.22,25.54,6.66,73.71,31.18,1.373,53.49,46.6,4.47,0,0,0,0.689,0.038,1.267,0.271,1.169,-0.141,-0.324,-0.135,-0.1,1.243,1.006,1.241
2025-10-17 20:45:00,Line-A,M3,Day,P1,45,6.3,11.14,17.35,9.88,58.15,23.88,1.485,48.17,34.5,3.683,0,0,0,-1.475,-1.461,-0.909,-0.663,-0.759,-0.12,-0.33,-0.808,-1.014,-1.51,-1.773,-2.218
2025-10-09 10:51:00,Line-A,M4,Swing,P3,29,3.5,14.37,25.79,12.18,63.04,29.28,1.479,48.91,47.5,4.613,0,0,0,-0.01,-1.274,0.14,-0.548,-0.458,-0.439,-0.335,0.212,0.604,-0.868,-0.962,-0.169
2025-09-12 19:24:00,Line-A,M1,Swing,P1,41,9.6,8.28,28.15,8.52,71.95,36.29,2.88,59.39,47.0,4.206,0,0,0,1.089,0.813,0.983,1.742,0.742,0.647,0.66,0.506,0.803,0.118,0.283,0.69
2025-09-27 14:27:00,Line-B,M5,Day,P3,40,3.7,16.24,22.86,5.54,61.11,20.11,0.983,44.06,42.9,3.91,0,0,0,-1.693,-1.89,-1.135,-0.863,-1.13,-0.869,-0.407,-0.617,-0.723,-1.388,-1.122,-0.975
2025-10-22 20:17:00,Line-A,M5,Swing,P2,29,3.4,12.28,26.56,8.27,,33.74,0.717,57.81,32.3,4.105,1,3,0,0.93,0.846,1.045,1.208,0.596,-0.488,-1.318,-0.725,-0.405,-0.085,-0.775,-0.284
2025-10-09 19:17:00,Line-A,M1,Swing,P3,45,3.7,18.14,28.91,9.86,74.22,32.79,3.084,58.91,37.0,4.284,0,0,0,0.159,0.492,0.443,0.898,0.584,2.021,2.075,1.751,1.919,-1.296,-0.204,-0.548
2025-10-05 06:27:00,Line-A,M3,Day,P3,32,1.7,17.09,26.15,21.23,75.93,33.49,2.832,57.96,45.6,4.433,0,0,1,1.445,1.059,,1.309,1.697,1.141,1.477,1.011,1.254,0.56,0.818,0.468
2025-09-12 22:49:00,Line-B,M5,Swing,P3,21,6.7,17.33,25.06,7.6,64.14,27.32,1.056,44.0,48.4,4.185,0,0,0,-1.525,-0.475,-0.82,-0.005,-0.389,-0.671,-0.856,-0.837,-1.103,0.496,0.009,-0.376
2025-09-17 08:01:00,Line-A,M3,Night,P1,47,5.5,7.14,27.46,16.61,79.04,35.69,3.306,61.35,40.7,4.774,0,0,0,1.237,1.72,0.821,1.58,1.554,1.057,1.412,0.945,2.094,-0.057,0.015,0.388
2025-09-16 22:43:00,Line-C,M4,Day,P4,51,5.0,13.25,25.73,7.11,72.61,33.13,3.084,59.32,44.4,4.628,1,2,1,-0.037,0.232,,0.296,0.386,2.242,1.654,1.311,1.885,0.707,0.241,0.057
2025-09-25 14:28:00,Line-A,M2,Night,P3,17,2.6,12.43,28.71,5.36,70.73,29.63,0.732,50.88,35.5,4.644,0,0,0,0.379,0.372,1.157,0.725,0.362,-0.484,-1.373,-1.451,-0.645,-1.07,-0.529,-0.958
2025-10-26 06:46:00,Line-A,M3,Swing,P4,58,2.7,15.59,34.59,24.69,88.39,38.58,2.587,65.07,42.3,4.84,1,4,1,1.429,2.621,2.239,2.085,3.034,0.577,-0.101,0.659,0.816,1.345,1.765,2.239
2025-09-15 01:36:00,Line-B,M5,Night,P2,21,5.5,7.11,22.63,13.03,70.58,,1.651,50.72,32.9,4.089,0,0,0,-0.574,-0.548,-0.272,-0.116,-0.657,0.941,0.856,1.308,1.238,-1.891,-1.698,-1.14
2025-09-26 19:08:00,Line-B,M5,Night,P2,23,5.9,10.71,22.54,10.44,70.38,28.62,0.808,51.0,43.1,4.094,0,0,0,-0.056,-0.525,0.025,-0.088,-0.188,-1.584,-0.539,-1.188,-1.397,-0.496,-0.564,-0.231
2025-09-19 22:05:00,Line-B,M5,Swing,P1,28,6.1,9.94,27.57,17.81,77.29,,2.199,56.67,33.7,4.073,0,0,0,1.491,1.756,0.772,1.928,2.008,-0.199,0.695,0.417,0.401,-0.285,-0.173,0.115
2025-10-29 14:41:00,Line-A,M4,Swing,P1,46,3.2,9.92,28.06,11.62,72.18,31.79,2.836,56.84,35.1,4.476,0,0,0,0.623,0.514,1.306,1.089,0.845,1.02,0.778,0.489,1.412,-0.499,-0.387,-0.217
2025-09-17 00:14:00,Line-B,M5,Day,P1,12,1.5,10.55,19.75,11.06,72.24,30.58,1.89,59.48,39.2,4.547,0,0,0,0.142,-0.378,-0.029,-0.33,0.139,1.372,0.797,0.813,0.954,-1.13,-0.489,-0.665
2025-10-19 01:15:00,Line-A,M2,Day,P3,33,7.7,10.88,28.14,11.73,69.06,,1.214,54.92,42.6,4.575,0,0,0,0.756,0.304,,0.683,1.42,-0.516,-0.215,-0.177,0.452,-0.616,-0.424,-0.5
2025-10-19 07:39:00,Line-B,M2,Swing,P1,5,6.6,11.15,23.28,5.98,67.17,28.13,2.647,54.12,35.5,4.531,0,0,0,-0.403,-1.105,-0.406,-0.381,0.74,1.439,1.306,1.607,1.33,-0.976,-0.421,-0.402
2025-09-13 19:27:00,Line-A,M2,Night,P1,49,1.2,5.19,34.06,28.98,81.79,37.46,2.946,63.97,35.4,4.518,0,0,0,2.179,1.823,1.715,2.22,2.083,0.618,0.02,0.776,1.011,0.261,1.199,-0.25
2025-09-02 13:19:00,Line-B,M5,Swing,P1,13,3.9,9.23,21.25,9.09,66.02,26.31,1.658,52.36,42.1,3.918,0,0,0,-0.589,-0.291,0.285,-0.839,0.211,0.415,0.679,-0.015,0.78,0.731,0.426,-0.294
2025-10-28 14:45:00,Line-B,M4,Swing,P3,10,4.2,15.39,24.2,9.74,69.76,29.05,1.738,53.59,52.6,4.12,0,0,0,-0.097,-0.215,0.3,0.398,-0.171,0.612,0.722,0.405,1.003,0.585,0.506,0.771
2025-10-08 15:18:00,Line-C,M2,Night,P2,16,7.1,10.25,22.66,5.81,67.73,27.1,0.825,50.65,43.0,4.023,0,0,0,-0.316,-1.633,-0.091,-0.049,0.046,-0.587,-0.569,-0.337,-0.565,0.088,-0.547,-1.25
2025-10-19 11:44:00,Line-B,M4,Swing,P2,40,0.2,11.21,30.59,14.39,73.05,32.19,1.526,56.4,40.6,4.039,0,0,0,0.679,1.028,0.63,0.68,1.073,0.412,0.528,-0.02,0.062,-0.032,0.756,0.812
2025-10-24 13:18:00,Line-A,M1,Day,P1,32,3.1,9.06,30.58,8.63,69.5,29.33,1.657,56.96,44.8,4.168,0,0,0,0.467,0.336,0.215,0.777,0.409,-0.176,0.329,0.116,0.606,0.01,0.09,-0.391
2025-09-26 02:22:00,Line-A,M5,Swing,P1,23,8.2,10.4,24.26,5.39,67.83,28.61,0.13,50.04,39.5,4.361,0,0,0,0.093,0.254,0.326,0.603,0.324,-1.228,-1.914,-1.174,-1.938,-1.068,-1.495,-0.353
2025-09-04 08:07:00,Line-C,M2,Swing,P3,58,5.6,14.44,28.15,7.09,66.3,28.01,2.159,52.83,45.3,3.801,0,0,0,-0.342,-0.826,-0.369,-0.359,-0.245,-0.069,0.482,0.518,0.861,-0.164,-0.812,-1.124
2025-10-04 05:11:00,Line-C,M4,Night,P2,6,3.3,11.67,26.45,11.72,75.9,30.81,2.068,57.3,41.0,3.67,1,2,1,1.014,0.724,1.073,0.74,1.139,0.237,0.926,0.223,1.022,-0.033,0.094,-0.616
2025-09-12 08:05:00,Line-B,M2,Night,P3,32,0.7,15.51,27.88,9.14,67.28,33.13,1.197,50.65,44.4,4.355,0,0,0,0.268,-0.01,0.291,0.318,0.302,-0.01,-0.618,-0.608,-0.421,0.072,0.279,0.211
2025-10-06 05:18:00,Line-B,M1,Day,P2,56,7.0,12.56,25.38,7.64,62.07,22.82,1.77,46.12,34.8,3.982,0,0,0,-1.368,-0.684,-1.209,-0.981,-0.269,0.072,0.251,0.361,0.87,-1.259,-1.605,-1.471
2025-10-14 07:29:00,Line-A,M2,Night,P2,5,4.7,12.01,27.93,14.59,74.33,32.58,2.714,58.05,40.7,4.508,1,1,0,0.804,0.378,0.835,0.898,0.882,0.983,1.171,0.431,1.065,0.423,-0.071,-0.047
2025-10-02 20:57:00,Line-C,M2,Night,P2,53,8.3,9.4,28.92,11.19,72.58,30.38,0.576,52.89,37.4,4.573,0,0,0,-0.088,0.246,0.048,1.02,0.125,-0.193,-0.551,-1.228,-0.054,-0.778,0.006,-0.506
2025-10-23 08:36:00,Line-A,M3,Day,P2,41,2.7,11.78,23.0,9.71,61.52,23.9,3.452,51.96,32.1,3.65,1,2,0,-1.163,-0.516,-0.416,-0.791,-0.655,2.12,1.955,2.174,2.561,-1.372,-1.285,-1.84
2025-09-05 22:56:00,Line-C,M3,Night,P1,18,4.4,6.91,22.32,8.6,69.86,27.88,2.381,55.23,39.2,4.583,1,5,0,-0.359,-0.432,,0.424,0.025,0.653,1.446,1.274,0.855,-0.161,0.129,-0.037
2025-09-07 14:57:00,Line-B,M3,Swing,P1,6,8.5,14.56,22.99,11.12,71.08,29.83,2.073,54.0,29.8,4.464,0,0,0,0.894,0.22,0.893,0.976,1.006,-0.22,0.289,0.869,-0.35,-0.262,-1.406,-0.065
2025-09-05 06:33:00,Line-B,M2,Swing,P1,30,8.2,7.62,26.98,1.32,70.45,30.52,1.233,52.91,38.5,4.333,0,0,0,0.614,0.536,0.839,0.62,0.447,-0.02,-0.182,0.021,-0.593,-0.216,0.7,0.595
2025-09-03 03:50:00,Line-A,M1,Day,P1,24,5.2,12.48,26.43,7.14,70.6,30.24,2.049,54.58,43.8,4.328,1,2,0,0.766,0.39,0.532,0.491,0.626,0.752,0.911,0.498,0.631,0.386,-0.187,-0.029
2025-10-19 11:37:00,Line-B,M2,Day,P2,32,1.8,14.69,27.57,11.77,66.45,28.79,2.178,55.64,36.3,4.633,0,0,0,-0.207,-0.17,0.787,0.444,0.491,-0.201,1.642,0.415,1.327,-0.35,,-0.554
2025-09-12 11:32:00,Line-C,M3,Day,P2,7,3.8,15.96,22.39,5.71,63.15,29.37,2.745,52.0,36.6,3.425,0,0,0,-0.086,-0.096,0.622,-0.702,0.173,1.992,1.46,1.732,1.948,-1.494,-2.312,-0.281
2025-09-05 08:24:00,Line-C,M3,Day,P1,52,6.0,9.68,27.84,6.43,68.67,31.06,1.827,50.07,42.8,3.927,0,0,0,-0.578,-0.364,0.238,-0.143,-0.19,0.137,0.051,-0.252,0.864,-0.356,-0.101,0.183
2025-10-05 05:23:00,Line-B,M4,Day,P2,55,4.6,13.47,28.24,7.75,68.83,29.01,2.109,53.02,45.7,3.813,0,0,0,-0.286,-0.134,-0.288,0.611,0.177,0.886,0.434,0.396,0.764,1.037,0.22,0.388
2025-10-19 23:45:00,Line-A,M2,Swing,P1,50,0.2,11.72,29.76,9.76,69.0,28.4,1.01,55.59,26.7,4.348,0,0,0,0.437,0.022,0.053,0.761,0.239,0.009,-0.226,-0.331,0.187,-1.33,-1.974,-2.207
2025-10-10 08:25:00,Line-A,M3,Swing,P1,53,4.3,9.68,27.53,8.58,71.76,30.15,2.218,57.14,44.1,4.168,0,0,0,0.79,0.541,0.38,0.443,0.946,0.536,0.271,0.14,0.381,-0.443,0.959,0.914
2025-09-16 11:18:00,Line-A,M4,Day,P1,53,4.6,8.98,23.65,10.18,68.77,30.2,1.622,55.38,32.4,3.938,0,0,0,-0.303,0.062,0.213,0.301,0.925,0.248,0.588,0.272,0.789,-1.637,-1.239,-1.329
2025-10-02 02:41:00,Line-B,M2,Swing,P3,50,10.9,14.42,26.47,4.04,74.81,31.16,1.385,53.89,37.7,4.122,0,0,0,0.283,0.912,0.115,0.845,0.716,-0.594,-0.223,-0.234,-0.086,-1.65,-0.291,0.075
2025-10-30 13:30:00,Line-B,M3,Day,P1,8,0.9,8.0,23.25,9.37,,29.51,1.733,55.08,50.7,4.177,0,0,0,0.712,0.639,0.945,0.678,0.63,0.426,0.901,0.241,0.568,0.864,1.111,1.45
2025-09-24 23:17:00,Line-B,M3,Day,P2,12,2.6,13.05,27.83,17.08,84.38,34.97,2.355,61.32,43.4,4.778,0,0,0,1.785,2.356,1.813,2.419,2.372,0.196,-0.105,-0.612,-0.444,0.956,0.162,0.775
2025-10-09 00:16:00,Line-A,M3,Day,P2,19,0.2,13.68,26.3,26.37,77.93,34.25,3.404,63.67,30.4,4.698,0,0,0,0.96,0.886,1.456,1.33,1.915,1.992,1.764,1.591,1.611,-0.332,-0.441,0.299
2025-09-08 02:50:00,Line-A,M1,Swing,P1,38,1.4,6.17,24.65,7.77,70.15,33.14,1.956,51.77,37.5,3.905,0,0,0,0.071,-0.27,0.714,0.765,0.764,0.714,1.085,0.986,0.808,-0.601,0.996,-0.589
2025-09-13 02:54:00,Line-B,M1,Swing,P1,23,2.9,7.2,22.63,7.8,68.24,26.64,2.508,54.32,32.0,4.35,0,0,0,-0.472,0.409,0.356,0.157,0.678,1.632,1.494,0.907,1.052,-0.869,-0.615,-0.705
2025-09-17 15:53:00,Line-A,M1,Swing,P2,25,4.7,12.34,22.81,9.96,67.22,28.72,2.67,55.85,44.9,4.108,0,0,0,-0.314,-0.603,-0.229,-0.267,0.529,1.696,1.358,1.762,1.321,-0.046,0.308,0.054
2025-10-05 08:54:00,Line-C,M4,Swing,P2,55,3.4,13.83,29.02,10.17,73.0,32.33,1.997,50.26,26.5,4.026,0,0,0,0.526,0.453,0.844,0.405,1.106,-0.853,-0.011,-0.373,0.085,-0.715,-0.748,-0.77
2025-09-26 20:27:00,Line-B,M3,Day,P3,18,3.6,14.92,19.02,7.36,63.85,,,52.04,38.0,3.963,0,0,0,-0.631,-0.749,,-0.651,-0.2,-0.478,0.399,0.196,-0.203,-0.47,-0.687,-1.206
2025-10-29 17:32:00,Line-B,M1,Day,P1,6,2.6,7.72,22.63,8.71,70.75,31.53,2.482,58.84,42.3,4.168,0,0,0,0.05,0.285,0.032,0.152,0.498,1.262,1.208,1.538,1.045,-0.036,-0.433,0.175
2025-10-09 19:38:00,Line-C,M3,Swing,P3,41,2.1,15.5,25.26,26.85,77.19,34.66,1.865,59.94,42.2,4.164,0,0,0,1.338,1.104,1.231,1.315,1.606,-0.045,0.208,-0.384,-0.316,0.71,0.915,0.995
2025-09-17 01:34:00,Line-A,M2,Day,P1,50,5.9,5.54,29.66,5.26,72.02,31.32,3.463,57.42,34.9,4.767,0,0,1,0.621,0.884,,0.789,0.802,1.855,1.741,2.033,1.522,-0.572,-0.058,-0.185
2025-10-21 03:30:00,Line-A,M5,Day,P1,5,6.5,9.05,47.754430455168205,8.67,70.43,30.56,2.771,54.89,36.1,4.121,0,0,0,0.889,0.296,0.381,0.063,0.998,1.079,0.833,0.698,0.964,0.434,,-2.08
2025-10-23 23:06:00,Line-C,M5,Day,P2,9,5.2,13.23,21.23,21.02,74.82,34.09,2.664,59.82,45.5,4.276,0,0,0,-0.014,0.607,,1.031,1.29,0.484,0.451,0.647,0.503,0.088,,0.339
2025-10-11 17:24:00,Line-C,M4,Day,P3,13,8.0,18.25,25.01,5.69,64.13,27.81,2.286,51.82,41.9,4.068,0,0,0,-0.379,-0.686,0.354,-0.532,0.01,0.675,1.452,0.167,0.873,-0.612,-0.656,-0.815
2025-09-09 03:28:00,Line-A,M4,Day,P4,55,5.7,19.26,24.55,6.16,67.8,29.69,1.286,50.67,39.8,4.16,0,0,0,0.283,-0.491,-0.231,0.114,0.902,-0.234,-0.187,0.03,-0.333,0.15,0.001,-0.007
2025-10-19 22:51:00,Line-A,M3,Day,P1,17,1.3,7.5,43.96540380462425,9.06,59.83,25.52,1.79,51.17,38.7,4.209,0,0,0,-0.851,-0.233,0.418,-0.772,-0.605,0.58,0.418,0.515,0.313,-0.916,-0.541,-0.678
2025-09-18 17:38:00,Line-B,M5,Night,P3,26,4.7,16.16,25.85,14.53,73.85,31.35,3.04,59.41,42.7,4.828,0,0,1,1.289,0.673,0.689,0.881,0.937,1.2,0.665,0.593,0.705,0.743,0.746,-0.062
2025-09-24 22:41:00,Line-B,M1,Night,P2,47,8.1,11.19,30.02,9.41,71.31,31.8,2.674,59.53,41.7,4.384,0,0,0,0.365,0.598,,1.428,0.542,1.77,0.75,0.18,0.679,0.517,-0.344,0.195
2025-10-02 21:12:00,Line-A,M1,Swing,P2,35,5.2,11.33,22.77,9.39,59.43,23.22,0.132,45.93,33.0,4.386,0,0,0,-1.05,-1.188,,-1.237,0.328,-0.98,-0.831,-0.937,-0.951,-1.788,-2.739,-1.842
2025-09-03 07:23:00,Line-B,M1,Swing,P3,46,3.8,17.08,24.43,9.17,65.11,28.03,1.772,56.92,39.4,4.616,0,0,0,0.07,-0.064,0.286,0.173,-0.026,0.151,0.443,0.567,0.685,-0.242,-0.226,0.037
2025-09-24 10:15:00,Line-C,M1,Night,P2,44,3.3,14.44,30.38,19.74,81.59,34.56,1.564,57.62,34.7,4.603,0,0,0,1.162,2.023,,1.267,1.356,-0.133,0.106,0.018,-0.331,-0.287,0.528,-1.126
2025-09-22 10:08:00,Line-A,M2,Swing,P3,41,7.4,15.39,27.92,8.73,68.23,29.03,2.053,57.41,35.3,4.786,0,0,0,-0.566,-0.329,-0.111,0.169,0.221,0.66,1.397,0.955,0.768,-1.484,0.021,-0.198
2025-09-10 18:54:00,Line-A,M2,Swing,P3,36,2.7,15.08,20.77,8.28,60.95,27.25,1.753,50.86,44.9,4.604,0,0,0,-0.852,-0.863,,-0.922,-0.495,0.617,-0.349,0.443,0.425,-0.127,-0.182,-0.602
2025-10-07 19:42:00,Line-A,M4,Swing,P3,41,4.4,16.38,24.13,5.84,68.07,28.24,2.262,56.73,40.0,4.711,0,0,0,0.479,-0.383,0.351,0.035,0.197,0.241,1.005,0.89,0.747,-0.492,-1.315,-0.621
2025-09-07 02:43:00,Line-B,M1,Day,P1,51,6.4,5.62,26.84,4.99,68.52,31.36,2.049,57.18,31.0,4.616,0,0,0,1.0,0.393,0.228,1.289,0.4,-0.047,0.22,0.124,0.183,-0.69,-1.124,-1.542
2025-10-23 11:22:00,Line-B,M3,Night,P3,55,4.4,16.91,26.55,10.83,,31.62,2.371,53.31,50.3,4.646,1,5,0,0.153,-0.049,0.28,0.675,0.774,1.276,1.393,0.438,1.552,0.057,0.429,0.349
2025-09-10 14:10:00,Line-A,M4,Day,P2,57,6.8,12.46,28.16,4.64,67.08,26.77,0.023,50.58,39.9,4.435,0,0,0,-0.216,-0.03,0.044,0.083,-0.753,-2.053,-1.532,-2.052,-1.405,-0.918,-0.518,-0.634
2025-09-09 19:56:00,Line-B,M1,Night,P3,26,5.2,18.22,30.49,10.3,76.61,33.54,1.578,57.04,46.6,4.421,0,0,0,0.656,0.587,1.41,1.011,0.842,-0.099,-0.747,0.43,0.209,0.494,0.575,1.033
2025-10-21 20:50:00,Line-B,M2,Swing,P4,6,8.2,16.13,24.32,3.62,65.34,25.28,2.977,53.06,52.4,4.321,0,0,0,-1.206,-1.402,-0.737,-1.092,-0.592,0.982,0.974,1.749,1.469,-0.194,0.992,0.801
2025-09-23 01:51:00,Line-A,M2,Swing,P4,39,5.5,17.88,31.17,18.52,74.65,32.2,0.933,53.87,42.8,4.525,0,0,0,1.648,1.313,0.623,1.135,1.502,-1.508,-0.638,-0.725,-1.026,0.56,0.356,-0.349
2025-10-22 08:16:00,Line-A,M3,Day,P2,26,2.6,14.17,19.88,9.57,54.54,23.65,1.151,47.57,46.1,4.152,0,0,0,-1.692,-1.01,-1.728,-0.91,-0.866,0.171,0.243,-0.095,0.271,-0.223,-1.084,-1.364
2025-10-09 21:06:00,Line-A,M5,Day,P1,36,6.5,7.6,26.16,14.95,75.48,,1.538,55.85,39.0,4.319,0,0,0,0.983,0.528,1.388,0.926,1.023,0.24,-0.234,-0.288,-0.057,0.351,-0.426,0.064
2025-10-17 20:08:00,Line-C,M4,Day,P3,7,9.5,19.0,28.24,15.47,80.84,35.15,2.27,59.92,37.1,4.778,0,0,0,1.277,1.66,2.024,1.59,1.831,-0.214,0.411,0.912,0.2,1.085,0.574,0.625
2025-10-06 15:59:00,Line-A,M1,Day,P1,42,4.4,10.29,27.12,9.2,69.8,,1.797,54.26,48.2,4.389,0,0,0,0.06,0.121,0.662,0.683,0.923,-0.227,0.501,0.536,1.256,0.368,-0.629,-0.284
2025-09-04 20:20:00,Line-A,M5,Day,P2,58,3.8,14.19,32.7,15.3,75.06,32.96,2.689,62.56,33.3,5.308,0,0,0,0.557,1.56,1.502,1.348,1.478,0.563,1.024,0.777,0.866,-0.708,0.263,-0.821
2025-10-14 16:58:00,Line-C,M2,Day,P1,36,4.9,6.66,30.74,15.31,73.86,32.62,1.142,58.16,46.4,4.498,0,0,0,0.352,1.206,0.914,1.172,1.046,-1.081,-1.371,-1.156,-0.517,0.661,0.163,-0.217
2025-09-15 17:07:00,Line-A,M5,Swing,P3,56,1.7,18.2,30.4,7.9,73.9,29.91,0.913,54.63,38.7,4.202,0,0,0,0.218,0.411,,0.075,1.082,-0.343,-0.276,-0.562,0.255,-0.556,0.127,-0.722
2025-10-29 18:43:00,Line-A,M3,Swing,P1,50,2.3,8.45,25.24,6.75,68.22,29.22,,50.92,40.0,3.633,0,0,0,-0.584,-0.03,-0.17,-0.326,0.27,0.118,0.985,0.365,0.516,-1.071,-0.662,-1.74
2025-10-14 09:23:00,Line-A,M5,Night,P2,5,4.9,11.53,22.09,8.75,70.22,30.1,2.616,58.22,35.2,4.109,0,0,0,0.283,-0.235,0.744,-0.283,0.725,0.345,1.659,1.231,1.276,-0.972,-1.484,-1.628
2025-10-08 17:20:00,Line-B,M5,Swing,P2,47,9.1,12.83,32.78,12.47,74.28,32.14,1.359,54.17,29.8,4.824,0,0,0,0.87,1.044,0.735,0.81,0.839,0.061,-0.595,-0.253,-0.588,0.474,-1.532,-1.133
2025-10-30 19:50:00,Line-B,M3,Night,P4,34,4.9,16.56,27.2,10.83,74.23,32.27,2.423,55.68,36.6,4.465,0,0,0,0.511,0.647,0.781,0.195,0.68,0.601,0.767,0.887,1.598,-0.859,-1.44,-1.21
2025-10-09 00:35:00,Line-A,M1,Night,P1,53,8.3,6.55,30.2,8.98,71.68,29.11,-0.261,54.23,30.2,4.391,0,0,0,0.112,0.353,-0.356,0.059,0.658,-1.837,-1.624,-1.593,-2.12,-0.62,-1.067,-1.031
2025-09-30 10:01:00,Line-A,M3,Night,P3,7,3.8,16.21,20.19,12.63,69.01,30.4,0.842,50.34,34.6,4.006,0,0,0,-0.689,-0.904,0.269,0.07,0.038,-0.972,-0.614,-0.968,-1.345,-0.644,-1.084,-0.912
2025-09-18 22:16:00,Line-A,M2,Swing,P2,31,4.1,10.72,31.5,10.77,76.3,33.03,,56.58,44.5,4.197,1,6,0,0.389,1.209,0.65,1.159,0.63,1.666,1.513,0.849,1.583,0.124,-0.028,0.14
2025-09-07 20:37:00,Line-B,M5,Day,P4,38,3.7,16.23,27.01,13.09,72.13,30.6,0.793,53.24,43.3,4.442,0,0,0,-0.062,0.931,0.02,0.746,0.618,-0.343,-0.585,-0.828,-1.137,-0.036,0.015,0.184
2025-10-10 19:53:00,Line-B,M1,Day,P2,5,8.9,11.19,22.65,4.21,69.15,30.4,2.293,59.12,41.9,4.224,0,0,0,0.28,0.403,-0.421,0.69,0.985,1.376,0.459,1.203,1.145,0.291,0.268,-0.167
2025-09-15 09:04:00,Line-B,M2,Swing,P4,39,7.3,17.36,34.41,18.71,79.67,36.42,2.884,63.81,40.0,5.376,0,0,0,1.956,2.062,2.18,1.122,2.116,1.154,0.99,0.547,0.874,0.582,,1.716
2025-10-02 02:07:00,Line-A,M5,Day,P1,32,3.9,5.75,24.42,4.8,,26.12,1.701,49.16,38.2,4.079,0,0,0,-0.786,-0.6,-0.334,-0.589,-0.761,0.142,0.241,-0.262,0.073,-0.265,-0.633,-0.978
2025-09-20 02:12:00,Line-C,M1,Day,P4,45,6.6,15.07,23.91,8.24,58.34,23.99,2.712,46.41,43.0,3.92,0,0,0,-1.753,-1.243,-0.836,-0.429,-0.471,1.807,0.946,0.625,1.504,-1.078,-1.31,-1.094
2025-10-26 16:23:00,Line-A,M5,Swing,P2,12,6.7,11.81,20.68,7.73,69.04,27.77,1.141,48.75,49.2,4.019,0,0,0,-0.589,-0.136,0.114,0.202,0.739,-1.03,-1.445,-0.979,-0.902,-0.102,-0.014,0.18
2025-10-09 19:05:00,Line-B,M1,Night,P1,28,3.1,9.74,27.1,14.01,70.01,29.33,1.918,55.28,50.0,4.459,0,0,0,0.522,0.695,-0.002,-0.199,1.005,1.398,0.423,0.368,0.524,0.021,0.978,0.805
2025-10-05 21:00:00,Line-A,M3,Day,P2,13,3.3,16.8,22.09,10.91,66.58,,0.259,43.98,45.9,4.131,0,0,0,-0.678,-0.196,-0.306,-0.164,-0.276,-0.994,-0.953,-1.4,-1.389,0.171,-0.378,0.475
2025-10-12 15:32:00,Line-B,M5,Night,P1,47,2.0,9.57,23.6,13.13,65.74,25.63,3.424,55.48,37.1,4.562,0,0,0,-0.383,-0.284,-0.046,-0.551,-0.378,0.987,1.996,1.201,0.91,-1.231,-1.49,-0.346
2025-10-09 17:30:00,Line-A,M1,Night,P4,22,4.6,18.48,28.99,20.7,76.6,35.46,-0.701,54.57,42.8,4.457,0,0,0,0.494,0.667,1.617,1.109,0.492,-1.725,-1.851,-1.736,-1.722,0.515,0.7,0.573
2025-09-06 13:50:00,Line-A,M4,Day,P4,17,2.1,17.08,24.77,11.48,73.78,30.74,0.88,57.14,39.1,4.484,0,0,0,0.548,0.673,1.094,1.193,1.556,-1.894,-0.849,-1.055,-1.082,0.086,0.434,-0.45
2025-10-12 17:37:00,Line-A,M1,Swing,P1,19,3.1,9.46,28.66,12.87,78.45,34.17,3.041,61.13,38.6,4.382,0,0,0,1.124,1.279,1.25,1.627,1.298,1.051,0.754,1.149,0.567,0.653,0.664,0.416
2025-09-03 07:47:00,Line-A,M5,Day,P1,21,5.1,5.7,19.79,11.42,66.89,28.33,2.141,50.38,37.6,4.407,0,0,0,0.236,0.124,0.023,-0.255,-0.465,0.238,0.629,1.34,0.587,-0.391,0.413,-0.599
2025-09-14 14:21:00,Line-B,M3,Night,P1,24,8.3,6.21,21.53,6.13,62.41,23.24,1.121,47.95,34.5,4.083,0,0,0,-1.159,-0.646,-1.145,-1.294,-0.583,-0.328,-0.435,0.152,-0.529,-1.175,-1.451,-1.158
2025-09-25 19:17:00,Line-C,M3,Day,P1,37,6.7,8.77,25.78,8.5,71.72,31.51,3.89,60.33,38.6,4.441,0,0,0,0.11,0.959,0.748,0.898,0.844,2.005,1.444,2.214,1.991,0.597,0.452,0.446
2025-10-03 11:48:00,Line-B,M5,Night,P1,59,4.8,6.65,31.19,23.49,77.56,37.79,3.504,63.57,42.8,5.031,0,0,0,0.673,0.705,1.095,1.468,2.008,2.109,1.423,1.892,1.328,0.616,0.537,-0.529
2025-09-28 01:34:00,Line-C,M4,Night,P2,54,6.5,13.43,24.12,8.24,64.66,26.2,2.76,51.65,38.5,4.298,0,0,0,-1.151,-1.578,-0.342,-0.476,-0.469,0.844,1.161,1.13,1.327,-0.766,-1.048,-1.292
2025-09-12 19:54:00,Line-C,M1,Swing,P3,58,5.5,14.76,23.19,12.05,63.77,29.81,2.084,51.21,48.6,4.091,0,0,0,-0.244,-0.667,0.465,0.626,0.097,0.729,-0.197,0.557,0.06,-0.725,-0.227,-1.039
2025-10-30 21:55:00,Line-A,M4,Swing,P4,31,4.0,18.15,23.77,6.47,66.46,26.98,1.151,49.79,34.0,4.234,0,0,0,-0.826,-0.398,0.084,-0.099,0.472,-0.659,-0.715,-0.67,-0.757,-1.608,-1.784,-1.559
2025-10-19 21:37:00,Line-C,M3,Day,P3,49,4.2,13.48,30.39,7.28,75.17,30.57,1.921,58.09,33.4,4.49,0,0,0,-0.218,0.103,0.807,1.01,1.478,0.521,0.681,0.826,0.526,-0.785,-1.32,-1.28
2025-09-07 01:50:00,Line-B,M5,Swing,P4,22,9.5,19.54,16.66,8.01,51.06,20.23,,48.08,48.0,3.614,0,0,0,-2.047,-2.2,,-1.798,-1.583,0.875,0.698,0.881,0.512,-0.915,-0.01,-1.444
2025-10-16 14:21:00,Line-B,M2,Day,P1,30,2.1,5.47,27.18,9.58,69.0,25.73,0.586,55.03,40.0,4.479,0,0,0,0.305,-0.403,0.235,0.241,0.806,-0.699,-1.038,-1.232,-1.241,-0.623,0.205,-0.396
2025-09-18 18:22:00,Line-A,M5,Swing,P1,8,3.7,8.41,19.26,10.53,65.03,27.89,0.784,51.73,42.2,4.031,0,0,0,0.101,-0.07,0.064,-0.051,-0.466,-0.501,-0.703,-0.525,0.23,-0.598,-0.577,-0.734
2025-09-06 09:57:00,Line-C,M3,Day,P1,5,8.0,8.5,17.78,5.63,69.5,27.55,0.098,48.51,32.9,3.922,0,0,0,-0.889,-0.938,-0.587,-0.418,-0.354,-1.677,-1.51,-1.14,-1.263,-0.116,-1.081,-1.788
2025-10-25 04:16:00,Line-C,M5,Night,P1,10,8.1,11.61,25.41,10.08,75.0,28.68,1.858,56.96,35.2,4.14,0,0,0,0.198,0.371,0.21,0.648,1.069,0.047,0.756,0.218,0.124,-0.751,-0.977,-0.832
2025-09-13 10:02:00,Line-B,M2,Night,P1,23,3.1,8.9,22.87,12.1,70.25,25.99,0.067,50.43,31.6,4.737,0,0,0,-0.048,-0.213,-0.599,-0.314,0.092,-1.733,-1.283,-1.013,-1.053,-1.7,-1.657,-0.813
2025-10-12 00:23:00,Line-A,M2,Day,P3,44,3.3,14.34,30.48,11.75,73.28,32.79,2.42,54.38,29.9,4.951,0,0,0,0.658,0.621,1.284,0.876,1.023,-0.166,0.33,-0.441,0.597,-0.359,-0.593,-0.126
2025-09-13 06:33:00,Line-C,M2,Night,P4,52,3.5,17.17,31.77,10.77,72.39,30.54,2.227,57.46,32.8,4.625,0,0,0,0.303,0.547,0.918,0.649,0.895,0.702,1.12,0.893,0.559,-0.386,-1.136,-0.011
2025-10-30 07:11:00,Line-C,M3,Swing,P3,47,10.7,15.53,23.26,4.31,68.37,30.12,2.631,51.36,41.4,4.446,0,0,0,0.543,0.533,0.191,-0.221,0.656,0.795,1.221,0.946,1.543,0.164,-1.178,0.018
2025-09-23 09:11:00,Line-C,M2,Night,P2,33,3.8,11.57,27.08,19.44,82.07,32.58,2.417,61.6,38.2,4.584,0,0,0,1.369,1.308,1.275,1.679,1.475,-0.242,0.056,0.158,0.287,0.109,1.231,0.922
2025-09-12 09:12:00,Line-B,M2,Night,P2,35,4.5,15.49,27.69,12.58,75.09,31.63,2.231,53.98,42.7,4.383,0,0,0,0.475,1.31,1.291,1.418,0.781,0.274,0.616,0.032,0.494,0.448,0.299,0.021
2025-09-16 05:44:00,Line-A,M5,Day,P2,45,9.2,13.09,28.92,17.78,75.93,33.45,0.437,57.38,33.5,4.578,0,0,0,1.169,1.073,0.962,0.849,1.043,-0.814,-1.24,-1.079,-0.679,-0.317,-1.282,-0.756
2025-09-30 20:13:00,Line-A,M5,Day,P1,18,5.6,7.54,24.12,6.31,73.04,32.04,3.764,61.74,41.4,4.4,0,0,0,0.33,0.166,0.91,1.202,0.949,2.523,2.262,2.605,2.292,-0.271,-0.477,0.028
2025-09-20 07:39:00,Line-A,M3,Night,P1,19,5.2,4.5,24.57,8.63,74.11,31.94,,61.17,50.4,4.423,1,3,0,0.325,1.497,1.453,1.02,0.695,0.904,0.654,-0.563,0.384,0.718,0.89,0.972
2025-10-25 08:58:00,Line-A,M2,Night,P3,25,2.5,15.48,21.8,10.3,54.91,24.23,3.027,48.69,33.6,4.169,0,0,0,-1.454,-1.186,-1.455,-2.182,-1.569,0.665,1.744,2.131,1.854,-1.877,-1.74,-2.289
2025-10-14 13:11:00,Line-A,M3,Night,P3,42,8.4,20.38,23.17,9.76,68.38,26.43,3.486,53.24,45.6,4.375,0,0,0,-0.62,-0.923,-1.599,-0.134,-0.27,1.219,1.275,1.069,1.888,-0.851,-0.697,-0.784
2025-09-20 18:49:00,Line-C,M3,Swing,P4,5,3.9,22.47,20.3,4.75,65.2,28.88,1.044,52.62,40.4,3.706,0,0,0,-0.612,-0.17,0.067,0.255,-0.489,-0.912,-0.538,-0.732,-0.698,-0.617,-0.498,-1.186
2025-10-26 00:12:00,Line-C,M4,Day,P2,19,1.6,10.39,24.83,16.38,75.12,31.76,1.912,62.93,42.4,4.476,0,0,0,0.152,1.002,0.918,1.737,0.985,-0.076,0.121,0.55,-0.657,-0.71,0.1,-0.287
2025-09-05 19:21:00,Line-B,M5,Day,P1,9,6.6,6.65,28.33,16.17,76.62,31.94,1.349,55.34,33.1,5.017,0,0,0,0.803,1.384,,1.7,1.548,-0.949,-1.051,-0.579,-0.133,0.153,0.187,0.682
2025-10-07 19:22:00,Line-C,M3,Night,P2,46,5.3,14.23,28.35,9.21,76.04,30.51,2.667,60.86,49.8,4.298,0,0,0,0.866,1.215,0.757,0.365,0.724,-0.11,0.924,0.712,0.567,-0.259,0.498,1.341
2025-09-09 22:28:00,Line-A,M3,Day,P3,36,4.6,12.55,22.16,7.17,70.95,33.18,1.896,53.14,30.6,3.841,0,0,0,-0.252,0.675,,0.559,0.664,0.26,0.597,0.555,1.015,-1.493,-1.017,-0.811
2025-10-06 23:45:00,Line-C,M2,Day,P2,39,8.0,9.23,32.35,20.11,79.23,40.29,2.941,61.98,44.0,4.591,0,0,1,2.239,1.709,1.505,2.414,2.435,0.6,0.423,0.826,-0.197,1.305,1.494,1.125
2025-09-25 08:03:00,Line-C,M3,Day,P2,50,7.2,13.84,20.79,6.45,61.89,28.29,2.28,49.7,41.4,4.061,0,0,1,-0.688,-1.315,-0.289,-0.377,-0.952,1.087,0.918,1.105,0.776,-1.253,-0.344,-0.501
2025-10-24 00:54:00,Line-C,M2,Day,P3,14,7.7,18.97,24.06,4.31,,27.38,1.471,56.04,41.8,4.482,0,0,0,-0.614,-0.335,0.111,-0.199,-0.057,-0.078,-0.032,0.247,0.184,-1.014,-0.479,0.195
2025-09-02 11:35:00,Line-A,M5,Day,P1,51,4.9,11.17,28.27,12.96,74.13,31.36,1.828,58.65,41.4,4.307,0,0,0,1.155,1.119,0.749,0.859,1.402,0.543,0.471,0.449,1.825,0.351,,0.234
2025-10-28 21:31:00,Line-A,M2,Day,P1,23,6.9,11.84,28.6,6.26,68.69,30.58,2.63,53.77,32.9,4.301,0,0,0,-0.454,-0.283,0.193,0.247,0.482,1.095,1.666,0.52,1.147,-1.394,,-1.803
2025-10-30 19:20:00,Line-A,M1,Day,P2,43,8.5,9.97,30.13,14.99,76.06,33.73,2.369,59.59,44.4,4.123,0,0,0,1.531,0.907,1.312,0.913,1.608,0.088,-0.443,-0.068,0.578,-0.029,0.675,0.728
2025-10-24 15:04:00,Line-A,M5,Swing,P1,12,4.8,10.99,19.52,8.94,58.29,24.18,1.842,49.35,44.6,3.868,1,1,0,-1.007,-1.368,-0.546,-1.266,-0.277,0.687,0.879,0.495,0.745,-0.253,-0.415,-0.771
2025-09-02 00:43:00,Line-A,M4,Day,P3,38,6.9,18.28,28.98,7.04,67.56,28.44,0.067,51.88,39.6,4.281,0,0,0,0.59,0.2,0.065,0.115,-0.36,-1.716,-1.146,-1.821,-1.527,-1.039,-1.078,-1.817
2025-10-17 22:25:00,Line-B,M4,Day,P3,24,0.7,16.43,30.72,11.14,69.6,29.85,-0.043,53.64,43.6,4.493,0,0,0,-0.165,0.975,-0.014,0.828,1.031,-1.21,-2.089,-1.669,-1.73,-0.081,-0.224,-0.451
2025-10-21 17:06:00,Line-A,M2,Swing,P1,44,3.8,8.46,28.05,6.98,69.27,27.39,1.42,58.23,36.6,4.211,0,0,0,0.174,0.492,,0.434,0.465,-0.043,0.389,0.54,0.799,-0.693,-0.728,-0.635
2025-09-14 07:28:00,Line-C,M3,Day,P1,30,0.2,9.6,24.61,11.95,70.13,31.45,2.5,58.87,45.5,4.628,0,0,0,0.373,0.017,0.889,0.731,0.394,0.566,0.666,0.876,1.422,1.199,-0.399,-0.521
2025-10-03 01:55:00,Line-A,M2,Day,P2,29,5.4,9.99,24.8,4.8,68.31,28.6,1.893,53.53,30.2,4.035,0,0,0,-0.292,-0.642,,1.251,0.576,0.302,0.57,0.436,0.163,-1.08,-1.818,-0.943
2025-09-24 12:44:00,Line-C,M1,Day,P2,18,2.1,9.99,25.98,19.27,80.36,38.57,0.8,61.22,34.2,4.524,0,0,0,1.168,1.468,1.151,0.765,1.675,-1.199,-1.213,-1.25,-1.038,0.193,-0.04,-0.001
2025-09-23 01:46:00,Line-B,M4,Swing,P3,42,5.8,12.38,23.99,5.54,63.57,20.36,2.831,51.36,30.5,4.384,0,0,0,-1.095,-0.972,-0.218,-0.408,-1.289,1.133,1.114,0.827,1.44,-1.179,-1.988,-1.521
2025-09-10 08:45:00,Line-A,M5,Swing,P1,27,5.1,7.13,23.38,4.66,71.95,28.68,2.559,57.9,28.9,4.196,0,0,0,-0.235,0.445,0.007,0.462,0.505,1.191,0.645,1.633,1.249,-0.638,-0.947,-1.193
2025-09-30 09:31:00,Line-A,M3,Day,P3,31,3.5,15.13,19.91,9.32,68.76,29.59,1.172,52.96,47.3,4.269,0,0,0,-0.068,-0.28,-0.106,0.091,0.079,-0.377,-0.246,-0.106,-0.424,-0.696,-0.809,0.104
2025-10-23 07:09:00,Line-B,M3,Day,P2,21,6.7,15.94,25.04,5.48,68.34,27.64,2.593,56.38,40.1,4.232,0,0,0,-0.526,0.165,0.475,-0.421,0.946,0.785,1.077,0.816,0.87,-0.056,-0.859,-0.912
2025-09-06 01:37:00,Line-A,M3,Swing,P4,7,0.7,20.35,25.94,17.77,78.17,33.66,2.379,60.8,33.1,4.095,0,0,0,0.823,1.359,1.472,1.227,1.659,-0.505,-0.219,0.081,0.31,-0.03,-0.355,-0.646
2025-09-28 15:10:00,Line-B,M3,Swing,P1,41,1.9,8.64,29.97,21.59,80.21,,1.727,59.54,38.4,4.593,0,0,0,1.135,0.83,1.669,0.552,1.702,0.005,-0.347,0.172,0.029,-0.273,-0.263,-1.087
2025-09-25 11:48:00,Line-C,M4,Swing,P4,36,2.1,14.89,27.28,14.38,67.93,31.49,1.115,50.7,29.4,4.573,0,0,0,-0.101,-0.058,,-0.041,0.328,-0.243,0.034,-0.095,0.229,-0.534,-1.642,-0.844
2025-10-20 01:03:00,Line-A,M3,Day,P1,21,3.2,10.65,21.95,5.93,71.6,29.53,3.571,54.34,47.9,4.135,0,0,0,0.393,0.158,-0.057,0.117,0.34,2.025,1.929,1.249,1.742,0.974,1.076,0.221
2025-10-03 14:54:00,Line-A,M5,Swing,P3,57,5.8,16.3,34.21,23.13,81.88,38.9,1.102,63.47,39.4,5.067,0,0,0,2.419,2.679,2.347,2.669,2.649,-1.288,-1.473,-1.298,-1.072,0.451,1.424,0.687
2025-10-10 18:46:00,Line-B,M5,Day,P2,54,6.2,10.55,14.02,6.69,53.71,20.41,3.247,49.71,43.8,3.94,0,0,0,-2.624,-1.822,-1.296,-1.608,-1.59,1.617,1.299,1.825,2.448,-1.545,-1.052,-1.539
2025-10-17 07:54:00,Line-B,M5,Day,P4,36,4.4,20.9,28.65,7.68,71.99,31.28,2.241,58.18,41.0,4.414,0,0,0,0.278,0.396,0.503,0.818,0.391,0.829,0.353,0.174,0.434,0.342,-0.137,0.331
2025-09-05 13:14:00,Line-A,M4,Day,P1,57,6.4,8.46,28.3,7.84,71.64,,,59.06,39.9,4.71,0,0,0,0.408,0.678,0.205,0.382,1.058,-0.114,-0.573,-0.103,0.033,-0.082,0.613,-0.281
2025-10-13 17:12:00,Line-C,M5,Night,P2,48,5.2,10.01,23.99,8.68,66.62,28.89,0.733,46.33,42.1,4.268,0,0,0,-1.447,-0.506,-0.6,-0.256,0.185,-0.408,-0.759,-0.701,-0.63,-1.044,-1.207,-0.624
2025-09-12 06:42:00,Line-B,M5,Day,P3,24,6.6,16.85,23.31,0.04,64.57,28.76,2.371,54.73,34.5,4.422,1,1,0,-0.495,-0.778,0.485,-0.39,-0.314,1.586,1.025,1.082,1.173,-0.981,-0.89,-0.74
2025-09-03 16:15:00,Line-C,M4,Swing,P2,9,6.3,19.34,27.16,15.4,,33.99,2.205,58.81,41.9,4.882,0,0,0,0.635,1.278,1.121,1.027,1.106,0.954,0.755,0.31,-0.012,-0.549,0.17,0.064
2025-09-05 10:24:00,Line-C,M4,Swing,P3,32,1.9,14.29,30.05,18.2,79.03,35.73,3.208,65.54,28.0,4.489,1,1,0,0.709,1.276,2.01,1.847,1.968,1.072,1.762,1.352,0.924,-0.668,0.27,-0.39
2025-09-13 02:42:00,Line-A,M1,Night,P2,15,5.1,14.35,29.04,19.15,82.57,34.92,3.077,63.69,46.0,4.758,0,0,0,1.614,1.437,1.043,1.758,1.877,1.438,1.072,1.191,1.278,0.968,1.076,2.248
2025-09-09 06:27:00,Line-B,M5,Night,P1,34,1.7,7.01,23.8,11.4,59.47,,2.63,47.7,31.4,3.956,0,0,0,-1.529,-1.263,,-0.719,-0.869,1.12,0.96,1.627,1.18,-2.432,-1.565,-0.799
2025-09-16 12:01:00,Line-C,M5,Day,P1,26,3.2,5.9,16.45,13.19,59.79,25.23,1.432,49.85,42.3,4.045,0,0,0,-0.975,-1.314,-0.638,-0.9,-0.284,0.642,-0.235,-0.072,-0.14,-1.252,-0.976,-0.752
2025-10-27 08:27:00,Line-A,M2,Day,P3,42,6.7,13.89,27.19,10.17,64.37,29.56,1.843,51.74,37.3,4.558,0,0,0,-0.78,-0.716,-0.508,-0.195,-0.755,0.66,0.383,0.67,1.222,-1.3,-0.58,-0.995
2025-09-06 01:08:00,Line-A,M1,Night,P1,8,3.3,9.97,20.14,13.98,66.52,25.37,1.834,51.98,43.7,4.674,0,0,0,0.1,-0.018,-0.133,0.425,0.355,-0.123,-0.262,-0.301,0.206,0.27,0.092,-0.099
2025-10-01 19:18:00,Line-C,M2,Day,P1,14,4.5,9.62,26.95,7.4,69.94,29.83,2.077,50.84,30.2,3.989,0,0,0,-0.476,0.006,0.256,0.032,-0.085,0.344,0.574,0.145,0.851,-2.005,-0.736,-1.452
2025-09-13 22:06:00,Line-B,M3,Day,P4,23,4.2,16.43,19.37,6.96,64.64,26.57,2.233,47.87,34.2,4.361,0,0,0,-0.437,-0.571,-0.571,-0.27,-0.221,0.469,0.496,0.712,-0.14,-1.674,-0.579,-1.479
2025-09-19 10:08:00,Line-A,M1,Night,P1,26,7.0,11.78,23.18,5.49,66.65,27.39,1.106,48.22,44.2,4.208,0,0,0,-0.189,-0.555,-0.523,-0.509,-0.787,-0.41,0.119,-0.033,0.202,-1.553,-1.252,-0.352
2025-09-27 13:28:00,Line-A,M2,Day,P1,19,3.1,2.99,25.81,12.67,73.44,29.66,2.994,61.06,30.7,4.939,1,5,0,0.251,0.394,0.32,0.455,0.498,1.545,1.788,1.532,2.506,-1.089,-1.113,-1.062
2025-09-29 06:35:00,Line-B,M2,Day,P1,33,4.9,11.18,27.2,10.35,67.23,30.4,1.349,55.96,47.2,4.708,0,0,0,-0.267,0.544,0.42,-0.879,0.23,-0.898,0.035,0.421,-0.315,0.434,0.199,0.419
2025-10-11 07:54:00,Line-C,M3,Day,P3,55,5.1,13.93,23.63,4.3,65.81,24.63,1.39,50.26,34.9,4.18,0,0,0,-0.288,-0.162,0.056,0.051,0.278,-0.681,-0.846,-0.5,-0.444,-0.916,-1.289,-1.275
2025-09-10 17:42:00,Line-B,M4,Day,P2,58,1.5,12.58,20.23,4.84,54.75,20.12,1.459,48.56,36.9,4.192,0,0,0,-2.196,-1.733,-1.207,-2.105,-1.726,0.537,0.174,0.059,-0.247,-0.971,,-0.959
2025-10-22 10:03:00,Line-A,M4,Day,P2,49,2.0,11.91,30.37,9.41,66.92,28.61,0.872,51.26,40.1,4.092,0,0,0,0.376,0.187,0.718,-0.06,0.404,-0.5,-0.745,-0.854,-1.724,-0.609,-0.479,-0.488
2025-10-04 10:05:00,Line-B,M5,Swing,P1,31,4.7,5.84,26.8,7.84,70.49,33.51,2.55,56.47,34.1,4.168,0,0,0,0.289,0.901,0.952,0.787,0.815,0.691,0.84,1.835,1.273,-0.61,0.886,-0.299
2025-09-21 02:51:00,Line-A,M2,Night,P2,42,3.8,14.69,28.21,7.0,67.57,28.27,3.541,53.18,41.4,4.403,0,0,0,-0.422,-0.02,0.044,0.277,0.88,1.894,2.18,1.782,1.803,-0.039,,-0.111
2025-09-19 07:52:00,Line-C,M3,Swing,P1,33,2.2,10.93,23.96,9.85,68.15,31.0,0.987,52.27,47.1,4.052,0,0,0,0.041,0.208,0.251,0.384,0.339,-0.782,-0.26,0.126,-0.061,0.205,0.996,-0.583
2025-10-26 03:14:00,Line-B,M5,Night,P3,18,4.2,14.13,21.87,11.85,75.47,34.39,2.067,61.79,34.9,4.607,0,0,0,0.156,0.289,1.132,0.588,0.969,0.325,0.475,0.496,0.577,0.344,0.377,-0.293
2025-10-29 08:32:00,Line-B,M1,Swing,P1,24,3.7,7.37,24.01,5.11,69.62,27.19,2.281,52.16,43.8,4.28,0,0,0,-0.001,-0.136,-0.054,-0.223,0.602,1.453,0.68,0.823,1.366,-0.284,-0.378,-0.106
2025-10-17 03:39:00,Line-C,M5,Day,P1,9,0.2,9.97,24.55,8.35,70.68,28.91,2.39,54.96,45.3,4.25,0,0,0,-0.317,0.447,0.238,0.251,0.514,0.846,0.53,0.223,1.04,0.221,-0.148,0.645
2025-10-14 23:23:00,Line-A,M4,Swing,P2,38,3.5,13.05,24.38,10.13,66.22,28.49,1.489,48.05,43.7,4.182,0,0,0,0.046,-0.661,-0.217,0.785,0.539,-0.382,0.389,-0.123,-0.124,-0.397,-0.735,-0.562
2025-10-19 11:57:00,Line-B,M1,Day,P2,56,7.8,9.98,22.12,2.58,61.43,25.63,1.456,51.3,40.9,4.022,0,0,0,-1.166,-0.873,-0.606,-0.972,-0.558,0.187,-0.189,0.055,0.653,-0.991,-1.26,-0.667
2025-09-21 16:46:00,Line-A,M2,Swing,P1,53,6.9,8.67,28.14,6.06,73.06,32.87,0.991,53.85,40.4,4.796,1,4,0,-0.103,0.708,0.366,0.429,0.588,-0.732,-0.675,-0.846,-0.829,-0.025,0.055,-0.127
2025-09-11 06:46:00,Line-A,M5,Swing,P2,8,2.0,12.57,26.22,18.6,81.34,36.35,4.239,65.94,39.3,4.176,0,0,0,2.354,1.515,1.74,2.243,1.954,2.232,1.685,1.708,1.513,-0.035,-0.005,0.554
2025-10-16 16:10:00,Line-A,M1,Swing,P3,5,6.0,17.2,26.35,14.29,77.93,34.7,1.322,61.14,47.1,4.713,0,0,0,0.685,0.797,1.035,1.452,1.602,-0.617,-0.71,-0.662,-0.31,1.3,0.067,1.619
2025-10-10 14:39:00,Line-A,M3,Day,P3,59,5.6,13.39,27.35,4.6,64.47,27.56,1.92,49.65,36.4,4.556,0,0,0,-1.13,-0.191,-0.324,-0.641,-0.108,0.032,-0.536,-0.404,0.064,-1.392,-1.321,-1.597
2025-09-26 20:46:00,Line-A,M2,Swing,P2,40,7.9,12.47,26.31,4.81,70.97,28.28,1.695,57.47,53.5,4.678,0,0,0,0.352,-0.016,-0.19,0.773,-0.009,0.271,0.206,-0.107,0.554,0.437,0.438,0.336
2025-10-17 09:56:00,Line-A,M2,Swing,P4,23,5.1,16.38,26.7,3.64,70.45,31.5,3.11,59.32,26.9,4.823,0,0,1,-0.461,0.081,1.126,0.444,1.223,1.262,0.729,0.94,1.41,-1.238,-1.688,-1.312
2025-09-25 22:36:00,Line-A,M2,Swing,P4,52,4.8,19.39,27.21,9.67,58.73,26.42,2.014,48.23,29.1,4.276,0,0,0,-0.833,-0.712,-0.535,-1.364,-0.844,0.249,0.93,0.842,0.877,-1.865,-2.058,-2.589
2025-10-20 14:42:00,Line-C,M3,Day,P1,38,1.1,6.36,31.23,20.28,76.6,34.56,1.413,53.37,52.8,4.528,0,0,0,0.673,0.877,1.049,1.052,0.962,0.168,-0.324,-0.618,-0.002,1.353,1.269,1.244
2025-09-11 06:01:00,Line-B,M1,Day,P3,14,4.1,20.72,18.05,4.65,61.81,,2.823,50.76,44.6,3.97,0,0,0,-1.283,-1.066,-1.109,0.206,-0.449,1.283,1.127,1.49,1.085,-0.158,-1.101,-0.042
2025-10-27 03:12:00,Line-C,M1,Swing,P2,35,7.6,11.79,26.34,6.8,71.21,29.62,1.2,56.32,33.5,4.448,0,0,0,0.718,0.209,0.121,1.186,0.752,0.297,0.394,0.813,-0.42,-1.616,-0.81,-1.537
2025-09-22 03:32:00,Line-B,M2,Day,P2,44,1.1,11.01,28.01,8.72,67.06,32.1,2.5,57.31,46.8,4.428,0,0,0,0.466,0.048,-0.661,-0.013,0.696,1.512,1.183,1.233,0.615,0.062,0.468,0.844
2025-10-21 17:02:00,Line-B,M5,Night,P1,31,3.4,8.96,25.54,22.24,78.46,31.19,1.669,56.07,36.2,4.961,0,0,0,1.211,1.25,0.929,1.772,0.777,0.453,-0.839,-0.235,-0.412,-0.466,-1.201,-1.252
2025-09-05 23:58:00,Line-A,M5,Swing,P4,27,5.4,16.24,26.95,21.65,81.07,33.45,3.531,64.34,45.2,4.518,1,2,1,1.43,1.605,1.914,2.228,1.643,1.53,1.735,1.666,2.555,1.874,,0.991
2025-09-05 22:19:00,Line-A,M1,Swing,P3,30,0.2,13.64,30.0,21.34,76.83,31.99,1.825,59.53,34.5,3.928,0,0,0,0.284,1.209,0.836,0.905,1.153,0.342,1.006,0.61,0.71,-0.892,1.156,-0.034
2025-09-30 15:54:00,Line-C,M3,Night,P4,44,3.1,19.01,27.9,7.7,69.25,31.8,1.455,52.81,44.7,4.223,0,0,0,0.215,0.459,0.208,-0.298,0.014,0.164,0.096,0.195,0.435,-0.774,-0.251,-0.133
2025-10-22 23:31:00,Line-C,M2,Day,P2,22,0.2,8.28,28.94,8.12,75.42,30.83,1.682,58.61,48.6,4.531,0,0,0,0.484,1.002,0.531,1.302,0.85,0.263,0.23,0.402,0.705,-0.464,0.242,1.131
2025-10-07 22:06:00,Line-A,M5,Day,P3,48,2.6,14.6,20.61,11.38,,25.09,1.356,50.48,41.0,4.245,0,0,0,-0.458,-0.641,-0.335,0.29,0.231,0.422,-0.485,-0.717,-0.549,-0.876,-0.613,-0.943
2025-09-23 00:03:00,Line-A,M1,Swing,P1,42,4.8,6.18,25.73,9.39,72.49,29.96,3.108,56.61,42.8,4.09,0,0,0,0.421,0.557,,0.364,0.639,1.101,1.443,1.689,1.536,0.602,,0.184
2025-10-14 03:49:00,Line-A,M5,Night,P1,26,5.0,4.66,22.16,5.69,65.8,28.35,2.574,50.99,36.3,4.37,0,0,0,-0.675,-0.479,,-0.043,-0.188,0.687,1.081,0.969,1.102,-1.262,-0.627,-0.655
2025-09-16 11:32:00,Line-B,M1,Swing,P1,59,3.2,7.9,30.22,14.6,71.1,29.99,2.164,53.49,37.8,4.529,0,0,0,0.497,0.04,0.914,0.51,1.075,0.838,1.0,0.828,0.352,-0.114,0.481,0.118
2025-09-30 14:01:00,Line-C,M2,Swing,P3,13,5.6,14.3,22.65,6.82,60.88,26.68,2.169,48.93,47.3,4.485,0,0,0,-1.096,-1.002,-0.669,-0.241,-0.15,0.012,0.214,0.659,0.51,-0.913,-0.328,-0.533
2025-09-22 03:48:00,Line-A,M1,Day,P3,34,4.2,18.92,21.39,1.85,61.6,27.28,0.575,50.7,37.9,3.654,0,0,0,-0.92,-0.946,-0.735,-1.442,-0.628,-0.446,-0.976,-0.709,-0.454,-0.834,-1.485,-1.34
2025-09-07 20:09:00,Line-B,M4,Night,P2,16,1.7,13.51,22.06,13.77,70.05,33.98,0.655,51.97,43.1,4.029,0,0,0,0.41,0.245,-0.321,-0.046,0.217,-0.555,-1.02,-1.282,-0.792,-0.027,-0.109,-0.681
2025-10-18 09:10:00,Line-A,M2,Swing,P2,43,3.4,10.73,28.07,12.43,,31.61,0.728,56.0,31.3,4.25,0,0,0,0.332,1.001,1.021,1.0,0.825,-0.202,-0.44,-0.238,-0.462,-1.342,-0.912,-1.085
2025-10-14 13:20:00,Line-A,M4,Swing,P3,22,5.1,13.67,23.7,6.68,69.9,28.97,1.55,54.88,44.7,4.291,0,0,0,0.34,-0.177,0.762,0.573,0.692,0.144,0.646,0.542,0.215,-0.697,-1.607,-0.909
2025-10-16 15:25:00,Line-A,M4,Night,P2,30,5.0,10.79,29.98,20.08,77.7,33.33,2.934,63.39,38.7,4.233,0,0,1,0.645,1.142,0.92,0.805,1.766,0.029,0.54,0.752,1.186,0.59,-0.759,0.423
2025-10-18 04:35:00,Line-B,M2,Day,P2,28,3.1,14.99,27.5,5.94,70.97,28.39,2.692,58.69,37.9,4.559,0,0,0,0.259,0.187,0.207,0.919,0.24,1.611,1.287,1.144,1.161,-0.387,-0.299,-1.109
2025-10-16 03:52:00,Line-C,M3,Swing,P3,56,6.6,17.29,24.39,11.05,62.42,23.82,1.069,49.81,33.7,4.005,0,0,0,-0.313,-1.129,-1.17,-0.752,-0.109,-0.08,-0.275,-0.218,-0.467,-1.596,-2.125,-1.211
2025-09-02 05:54:00,Line-A,M1,Swing,P1,14,3.2,8.4,27.34,11.08,73.88,30.88,0.887,58.58,46.6,4.213,0,0,0,0.624,0.445,0.685,1.246,0.744,-0.063,-0.531,-0.993,-0.98,-0.418,-0.2,0.725
2025-09-15 23:16:00,Line-A,M2,Night,P2,56,4.6,9.25,29.85,10.48,67.9,30.01,1.526,48.56,44.7,3.957,0,0,0,-0.619,-0.261,-0.498,-0.27,0.215,0.786,0.336,0.175,0.69,-0.245,0.082,-0.45
2025-10-20 08:49:00,Line-B,M3,Night,P3,19,5.0,15.75,20.82,8.43,60.16,22.62,2.004,50.96,41.8,4.218,0,0,0,-1.634,-1.132,-0.75,-1.171,-0.842,0.388,1.175,1.003,0.546,-0.828,-1.739,-1.339
2025-09-20 06:01:00,Line-B,M1,Day,P3,20,2.2,14.56,24.28,11.07,,30.94,1.479,52.9,44.6,4.178,0,0,0,0.298,0.793,0.629,1.019,0.607,0.554,0.016,0.749,-0.494,-0.61,-0.484,0.51
2025-10-08 10:29:00,Line-B,M5,Night,P2,37,3.3,13.18,31.49,22.06,78.1,36.17,1.813,60.96,32.4,4.586,0,0,0,0.834,1.245,1.274,0.86,1.363,0.129,-0.999,0.528,0.415,-0.206,-0.226,0.009
2025-09-26 21:22:00,Line-A,M5,Day,P1,56,2.5,4.85,30.04,15.19,73.26,33.54,2.236,58.81,44.8,4.659,0,0,0,0.561,0.531,0.619,0.779,0.729,0.361,0.574,0.792,0.686,0.302,0.761,0.781
2025-09-10 20:15:00,Line-B,M1,Night,P2,28,5.3,12.75,28.21,15.98,75.79,32.67,1.678,59.71,43.3,4.494,0,0,0,0.886,0.626,1.299,1.381,1.759,-1.285,-0.086,-0.342,0.085,0.447,0.448,0.611
2025-10-14 00:08:00,Line-A,M3,Swing,P3,47,5.5,14.46,27.1,9.57,68.72,27.92,2.409,54.25,42.5,4.294,0,0,0,-0.777,-0.488,-0.565,-0.407,0.027,1.151,1.023,1.263,1.115,-0.758,-0.568,-0.811
2025-09-09 10:38:00,Line-A,M4,Night,P3,7,3.7,14.43,24.28,11.63,75.88,31.44,1.781,54.7,44.0,4.236,0,0,0,0.372,0.706,0.453,0.286,0.583,0.445,0.8,0.479,0.404,-0.35,-0.96,-0.56
2025-09-12 17:52:00,Line-A,M3,Day,P1,11,6.8,9.65,27.17,20.75,79.24,36.08,1.622,60.77,36.2,4.252,0,0,0,2.087,2.179,1.467,2.317,2.162,-0.934,-0.325,-0.367,-0.366,0.645,0.025,0.612
2025-10-07 02:48:00,Line-A,M5,Swing,P2,32,0.8,9.53,28.2,15.0,68.62,29.2,0.8,52.46,40.1,4.334,0,0,0,0.407,0.239,-0.218,-0.226,1.048,-0.995,-0.94,-0.627,-0.601,-0.436,-0.445,-0.516
2025-09-28 15:07:00,Line-B,M5,Night,P2,11,5.8,11.09,22.87,8.52,75.38,28.97,,54.75,40.7,4.724,0,0,0,0.859,-0.16,0.989,0.298,0.246,0.298,0.555,-0.1,0.734,0.137,0.379,0.188
2025-09-11 00:44:00,Line-B,M5,Swing,P4,36,3.8,19.71,24.0,9.1,65.53,31.14,2.544,54.09,49.9,4.526,0,0,0,-0.544,0.152,0.546,-0.152,0.224,0.941,1.011,0.976,1.5,0.322,-0.211,0.44
2025-10-04 06:30:00,Line-A,M3,Day,P3,18,6.2,22.06,23.95,19.35,80.09,34.3,2.431,60.07,37.9,4.544,0,0,0,1.353,1.611,1.258,0.851,1.42,-0.054,0.578,0.459,1.212,0.409,0.077,0.473
2025-09-12 06:51:00,Line-B,M4,Night,P2,12,2.2,12.83,26.77,9.54,71.44,32.33,2.353,55.41,42.8,4.347,0,0,0,-0.192,-0.269,0.271,0.446,0.548,0.306,1.036,0.234,1.183,-0.45,-0.565,-0.54
2025-09-28 03:53:00,Line-B,M2,Night,P2,33,2.4,9.62,24.03,10.96,67.94,24.99,2.24,55.93,46.5,4.351,0,0,0,-1.19,-0.336,-0.344,-0.058,-0.254,0.779,0.303,-0.032,0.854,0.886,-0.511,-0.166
2025-09-29 10:44:00,Line-C,M1,Day,P4,30,7.0,12.21,21.67,7.55,66.36,27.06,1.716,50.71,41.0,4.029,0,0,0,-0.456,-0.531,-0.461,-0.257,-0.169,0.367,0.541,0.322,0.249,-0.745,-0.707,-0.575
2025-10-05 22:36:00,Line-A,M2,Night,P2,47,4.1,11.51,27.82,19.19,79.11,37.54,0.193,54.15,40.5,4.358,0,0,0,1.201,0.907,1.285,1.421,1.797,-1.552,-1.784,-0.691,-1.802,-0.53,0.524,-0.223
2025-09-11 12:07:00,Line-B,M4,Swing,P1,55,5.2,5.3,30.36,4.38,71.06,29.99,2.075,51.93,53.1,4.752,0,0,0,0.911,-0.043,0.141,1.01,0.662,0.223,0.571,1.059,0.977,0.648,0.985,0.477
2025-10-10 00:59:00,Line-B,M3,Day,P3,22,8.3,13.72,24.11,3.43,67.67,30.32,2.377,54.02,42.1,4.315,0,0,0,-0.359,-1.333,-0.217,-0.197,0.538,0.976,0.495,0.813,0.154,-0.197,-1.17,-0.217
2025-09-13 05:46:00,Line-A,M3,Swing,P1,45,6.7,8.48,23.76,11.22,69.39,28.63,1.393,56.4,39.8,3.856,0,0,0,0.078,0.001,0.698,-0.468,0.648,0.181,-0.619,-0.492,0.309,1.049,-0.523,-0.267
2025-10-24 11:01:00,Line-B,M2,Swing,P3,54,2.8,16.24,35.5,20.91,80.0,36.9,2.468,63.71,40.1,4.879,0,0,0,1.433,1.154,1.272,0.956,1.034,0.5,1.002,0.761,0.883,0.6,0.699,0.181
2025-10-27 01:10:00,Line-C,M2,Day,P1,7,3.1,8.16,20.42,7.95,62.86,24.42,1.794,49.25,35.4,3.984,0,0,0,-0.644,-0.429,-0.906,-0.404,-0.261,-0.248,0.031,0.617,0.079,-0.449,-1.976,-0.744
2025-09-24 12:48:00,Line-A,M1,Day,P2,45,2.6,14.06,27.23,16.55,74.23,31.21,1.579,53.67,39.2,4.458,0,0,0,0.422,0.518,0.785,0.769,0.818,0.406,0.524,0.329,0.216,-0.032,-0.448,-0.814
2025-10-26 08:00:00,Line-C,M3,Swing,P1,46,4.8,5.16,28.34,15.01,73.42,31.87,2.238,59.53,26.2,4.45,0,0,0,0.314,0.578,0.98,0.805,1.501,0.838,0.625,0.962,0.746,-0.284,-0.796,-0.5
2025-10-08 21:16:00,Line-A,M1,Night,P1,53,5.8,11.24,23.39,10.85,69.94,28.1,2.486,54.36,34.1,4.502,1,1,0,-0.272,0.041,-0.571,1.503,0.285,1.05,0.711,0.629,2.275,-0.802,-1.733,-0.824
2025-10-28 03:43:00,Line-C,M4,Day,P2,38,5.6,10.88,26.57,6.81,73.74,31.05,2.922,59.09,41.2,4.397,0,0,0,0.189,0.597,0.803,0.717,0.265,1.865,1.616,2.046,1.552,-0.901,-1.391,-0.047
2025-10-02 19:45:00,Line-A,M5,Day,P2,22,8.8,10.94,20.65,3.39,62.45,27.48,0.991,49.29,47.1,4.252,0,0,0,-0.693,-0.406,-0.047,-0.109,-0.276,-0.598,-0.273,-0.579,-0.537,-0.44,-1.267,-1.165
2025-10-14 13:19:00,Line-A,M4,Day,P1,58,7.5,5.43,23.85,30.53129421292373,60.68,25.52,2.033,49.8,33.1,3.695,0,0,0,-0.904,-0.547,-0.262,-0.593,-0.269,0.346,0.693,0.486,0.556,-0.647,-1.758,-0.848
2025-09-20 06:47:00,Line-B,M3,Swing,P2,33,2.7,13.18,27.46,10.84,69.25,30.04,2.045,57.12,34.1,4.184,1,1,1,-0.053,0.401,0.534,0.713,0.596,0.458,0.985,0.915,1.605,-0.779,-0.952,-1.05
2025-09-09 00:06:00,Line-A,M1,Day,P3,50,5.3,19.32,26.96,20.05,78.56,35.24,1.377,57.1,40.1,4.497,0,0,0,1.159,0.55,1.094,1.868,1.377,0.008,0.141,-0.095,0.219,1.151,0.18,0.13
2025-09-08 16:10:00,Line-C,M4,Swing,P1,52,5.6,8.7,33.07,16.94,73.77,30.25,2.878,63.27,41.3,4.549,0,0,0,0.467,1.208,1.194,1.518,1.161,1.707,1.105,1.064,0.638,-0.118,0.266,-0.797
2025-10-22 17:09:00,Line-C,M3,Day,P3,19,0.2,13.07,22.53,13.32,62.31,25.85,2.417,52.72,45.6,3.883,1,1,0,-1.016,-0.508,0.228,-0.362,-0.037,1.575,0.834,0.936,1.338,-0.463,-0.73,-0.71
2025-10-08 16:12:00,Line-A,M1,Night,P2,22,5.4,8.11,26.55,9.04,63.89,28.82,2.118,56.59,36.8,4.152,0,0,0,0.116,0.738,-0.005,0.915,0.148,0.563,0.785,0.315,0.828,-0.603,-0.386,-0.503
2025-10-29 22:18:00,Line-B,M3,Swing,P3,22,4.4,16.9,21.98,8.11,71.26,30.63,1.049,54.6,39.5,4.009,0,0,0,0.981,1.022,0.759,0.462,1.262,-0.221,-0.336,0.147,-0.29,0.844,-0.028,-0.298
2025-09-04 19:25:00,Line-A,M3,Night,P1,46,4.1,9.24,25.43,12.83,71.73,32.76,3.241,58.97,33.1,4.39,0,0,0,-0.154,0.429,-0.103,0.45,0.728,1.046,1.377,1.422,1.445,-0.742,-0.594,-0.966
2025-09-28 20:26:00,Line-C,M5,Day,P3,45,2.3,13.49,24.53,13.18,71.73,33.49,1.124,55.24,40.4,4.455,0,0,0,0.808,0.425,,0.314,1.022,-0.073,-1.21,-0.32,0.167,1.557,,-0.059
2025-09-05 18:15:00,Line-A,M2,Night,P4,36,7.1,16.03,26.1,5.33,69.63,27.33,0.752,53.4,32.0,4.7,0,0,0,-0.149,0.361,-0.2,0.442,0.318,-0.677,-0.654,-0.406,-1.196,-0.357,-1.385,-0.822
2025-10-16 17:25:00,Line-A,M5,Night,P3,11,7.8,16.31,24.42,4.88,,28.4,2.522,52.13,44.6,4.289,0,0,0,0.47,-0.735,,-0.037,0.787,0.867,0.572,0.891,1.629,0.57,-0.08,-0.215
2025-09-07 21:16:00,Line-B,M4,Night,P1,32,9.2,6.89,30.77,17.9,80.4,32.7,2.513,57.23,50.4,4.525,0,0,0,0.965,0.929,0.691,0.955,1.529,0.531,0.474,0.621,0.969,0.337,0.97,-0.303
2025-09-13 23:31:00,Line-B,M4,Day,P1,7,4.1,9.17,26.27,14.28,74.76,34.6,4.289,64.77,35.4,4.591,0,0,0,0.885,0.937,0.8,0.88,1.164,1.589,2.955,2.69,2.894,0.087,-0.489,0.213
2025-10-10 16:21:00,Line-A,M2,Day,P1,8,3.1,9.35,27.18,12.64,75.87,33.03,3.374,61.12,29.9,4.482,0,0,0,0.44,0.825,0.851,0.829,0.501,1.978,1.726,1.24,1.657,-1.144,-0.88,-0.979
2025-09-15 00:20:00,Line-A,M3,Night,P3,49,5.8,17.28,32.72,23.63,82.03,34.4,1.276,58.65,43.2,4.68,0,0,0,0.984,2.01,1.922,2.287,1.335,-1.267,-1.001,-1.235,-0.99,0.582,0.093,0.141
2025-09-02 05:03:00,Line-A,M5,Swing,P2,24,3.1,14.18,23.18,8.34,60.43,24.95,0.781,48.05,38.5,3.816,0,0,0,-0.383,-0.519,-0.194,-1.098,0.027,-0.985,-0.603,-0.486,-0.689,-1.856,-1.854,-0.845
2025-09-26 03:23:00,Line-A,M3,Day,P2,43,0.8,10.75,25.9,12.22,68.11,31.09,2.476,54.03,40.0,4.332,0,0,0,0.327,-0.445,-0.184,0.706,1.019,0.579,0.967,0.266,0.38,-0.538,-0.327,-0.776
2025-09-19 19:10:00,Line-B,M4,Day,P1,10,3.8,12.67,23.53,9.95,,33.35,3.502,58.44,46.3,4.122,0,0,0,0.621,0.381,0.63,0.975,0.686,1.751,1.913,1.516,1.734,0.948,0.484,-0.28
2025-09-17 10:37:00,Line-A,M2,Day,P3,36,5.4,15.77,22.81,2.5,64.82,26.22,1.179,49.58,47.0,4.358,0,0,0,-0.407,-0.213,-0.396,-0.531,-0.083,-0.383,-0.01,-0.211,-0.073,-0.537,0.161,-0.314
2025-10-01 23:42:00,Line-A,M4,Swing,P2,11,2.4,12.86,23.62,7.21,68.41,28.97,1.822,55.71,39.2,4.06,0,0,0,0.124,0.081,0.326,1.254,0.548,0.288,0.015,0.603,0.04,0.786,-0.249,-0.778
2025-10-09 17:02:00,Line-B,M4,Day,P1,27,1.8,10.7,26.1,11.91,70.69,32.29,,60.04,36.6,4.797,0,0,0,0.031,0.522,0.737,-0.328,0.907,1.65,2.12,1.578,2.68,-0.751,0.246,0.422
2025-09-12 10:56:00,Line-A,M4,Swing,P2,21,5.1,13.28,25.92,4.14,67.84,29.01,2.497,56.69,40.5,4.084,0,0,0,0.61,-0.003,0.782,0.185,-0.116,0.793,1.241,1.188,1.383,-0.414,-0.582,0.116
2025-10-11 03:28:00,Line-B,M1,Night,P2,16,4.1,12.95,22.4,6.29,65.16,28.49,2.663,53.29,41.6,4.622,0,0,0,-0.777,-0.528,-0.839,-0.142,-0.688,1.922,1.776,2.118,1.561,-0.83,-0.022,-0.476
2025-09-12 13:39:00,Line-C,M1,Swing,P1,13,4.4,7.24,27.22,18.46,74.08,34.74,1.356,60.09,32.2,4.4,0,0,0,1.377,1.139,1.133,1.62,1.085,-0.967,-0.158,-0.431,-0.646,0.087,-0.293,-0.022
2025-10-23 11:15:00,Line-A,M2,Swing,P2,18,4.4,10.51,26.16,8.27,73.2,30.28,1.383,52.54,30.1,4.497,0,0,0,-0.093,0.021,0.114,0.438,0.15,0.493,0.159,0.729,-0.144,-0.438,-0.747,-0.949
2025-09-16 18:24:00,Line-A,M4,Night,P1,50,3.4,10.94,30.96,10.94,74.18,,2.133,54.95,37.2,4.472,0,0,0,-0.12,-0.198,0.049,0.113,-0.129,-0.46,0.109,0.021,0.175,-0.734,-1.021,-0.791
2025-10-20 16:25:00,Line-B,M5,Night,P1,23,8.0,9.5,23.89,9.14,70.88,32.26,1.645,52.72,34.8,4.497,0,0,0,-0.1,-0.172,0.31,0.577,1.232,-0.041,-0.089,-0.155,0.249,-0.856,-0.14,-0.67
2025-10-27 11:04:00,Line-A,M2,Day,P1,31,2.8,11.23,23.22,10.43,58.97,23.4,0.967,45.11,42.9,3.78,0,0,0,-1.326,-1.052,-1.639,-1.02,-0.762,-1.136,-0.161,-1.431,-0.678,-1.543,-0.574,-1.72
2025-09-23 16:14:00,Line-C,M5,Night,P2,15,6.7,13.86,18.82,10.35,66.21,26.81,0.846,46.22,33.5,3.533,0,0,0,-0.476,-0.687,-0.6,-0.487,-0.636,-0.884,-0.875,-0.153,-0.983,-1.534,-1.039,-1.884
2025-09-08 11:32:00,Line-A,M1,Night,P1,35,6.1,6.6,32.44,19.24,82.26,33.88,-0.13,59.85,39.0,4.995,0,0,0,1.617,1.605,1.795,2.562,2.032,-1.814,-2.128,-1.727,-1.295,0.829,,1.077
2025-09-13 16:12:00,Line-C,M3,Swing,P1,49,5.8,5.35,30.34,9.65,72.31,34.2,2.294,56.01,41.5,4.503,0,0,1,0.414,0.513,1.295,0.969,0.865,0.671,0.449,0.583,0.983,-0.539,-0.059,0.131
2025-10-19 00:08:00,Line-B,M3,Day,P1,45,5.7,9.38,28.51,7.46,74.8,33.06,3.868,65.76,43.7,4.587,0,0,0,0.431,0.649,0.099,0.465,1.041,1.799,2.116,2.325,2.055,-0.227,-0.152,-0.071
2025-10-13 03:50:00,Line-A,M2,Night,P1,41,6.5,7.09,23.26,7.13,63.84,24.79,2.554,55.28,37.7,4.012,0,0,0,-1.644,-0.871,-0.818,-1.354,-0.644,0.763,1.986,2.168,1.44,-1.669,-0.952,-0.33
2025-09-08 06:12:00,Line-B,M4,Night,P3,10,5.7,16.44,24.22,11.6,69.49,27.89,2.438,52.39,50.8,4.104,0,0,0,-0.348,-0.517,0.227,0.217,0.291,0.586,1.083,0.43,0.502,0.464,1.344,1.199
2025-09-19 00:16:00,Line-A,M5,Swing,P2,22,0.2,10.18,25.5,11.8,70.62,29.96,1.96,53.53,32.8,4.142,0,0,0,0.57,-0.241,0.472,0.073,-0.195,0.361,0.342,0.715,1.268,-0.176,-0.649,-1.332
2025-09-30 04:53:00,Line-A,M5,Night,P1,59,4.7,10.54,31.31,23.01,84.01,35.24,1.854,58.34,36.6,4.603,0,0,0,1.45,0.913,1.06,1.793,1.459,-0.65,0.215,0.308,0.721,-0.429,-0.183,-0.386
2025-09-30 04:31:00,Line-A,M1,Night,P4,5,4.0,22.37,19.4,6.29,62.59,26.83,2.055,49.42,46.7,3.877,0,0,0,-1.548,-1.446,-0.516,-1.072,-0.616,0.256,0.726,0.444,-0.085,0.391,0.033,0.012
2025-09-01 08:41:00,Line-A,M5,Night,P1,11,5.5,11.22,18.64,4.48,63.87,27.29,1.066,49.22,38.8,4.227,0,0,0,-0.541,-1.341,,-0.571,-0.025,-0.075,-0.365,-0.744,0.007,-1.482,-1.752,-1.253
2025-09-11 21:07:00,Line-A,M2,Night,P1,10,6.5,9.17,28.25,21.57,76.84,32.25,1.477,58.75,37.8,4.541,0,0,0,1.044,1.407,1.34,2.084,1.423,-0.402,-0.73,0.232,-0.424,-1.02,0.544,0.083
2025-10-15 08:44:00,Line-B,M5,Day,P3,59,5.5,13.84,25.05,10.16,66.02,29.26,1.622,53.49,37.3,4.362,0,0,0,-0.122,0.337,-0.013,0.91,0.841,0.141,0.097,-0.218,0.23,-0.414,-0.62,-0.164
2025-09-20 21:35:00,Line-A,M5,Swing,P3,23,3.6,15.91,25.88,14.32,73.86,32.97,3.806,62.22,40.1,4.222,0,0,0,0.117,0.891,0.675,1.485,1.349,1.898,1.571,2.281,1.689,-0.367,-0.342,-0.471
2025-10-16 03:29:00,Line-B,M5,Day,P1,30,4.7,9.47,27.31,4.15,69.22,30.41,2.855,57.54,44.2,4.515,0,0,0,0.228,-0.014,0.78,0.522,1.183,0.955,1.505,1.542,2.024,-0.278,-0.594,-0.932
2025-10-04 19:55:00,Line-A,M1,Day,P3,16,4.9,12.95,24.18,6.78,68.54,30.17,1.087,56.52,40.6,4.398,0,0,0,0.815,0.068,1.291,0.19,0.865,-0.579,-0.234,-0.056,-0.025,0.436,-0.111,0.436
2025-10-04 11:28:00,Line-B,M3,Swing,P1,40,3.3,8.16,54.35773873947319,15.71,75.01,34.58,0.116,57.32,31.7,4.17,0,0,0,0.333,0.863,0.507,1.032,1.311,-0.842,-1.115,-1.484,-0.577,-0.307,-0.135,-1.013
2025-09-30 12:18:00,Line-C,M4,Swing,P2,33,6.4,11.57,31.3,11.17,71.05,,-0.625,50.03,32.6,4.623,0,0,0,0.741,0.855,0.564,0.176,0.798,-1.605,-2.053,-1.929,-1.84,0.116,-0.28,-0.645
2025-09-10 03:40:00,Line-A,M4,Night,P4,36,0.2,18.75,22.34,13.18,67.9,27.35,2.405,53.61,39.2,4.143,0,0,0,-0.803,-0.963,-0.638,-0.683,-0.311,0.791,1.198,1.061,0.845,-1.867,-1.997,-2.186
2025-09-12 18:33:00,Line-A,M3,Day,P1,59,4.5,4.45,30.2,21.89,80.1,38.42,2.696,60.65,36.7,4.774,0,0,0,1.175,1.602,1.767,1.673,2.792,1.008,0.87,0.676,0.668,1.037,0.669,0.206
2025-09-14 14:31:00,Line-C,M1,Day,P3,54,1.9,16.63,29.75,13.53,75.35,34.38,2.702,58.44,33.4,4.779,0,0,0,0.47,0.701,,1.139,1.611,0.636,0.929,0.834,0.904,-0.717,-1.09,-0.102
2025-09-04 06:26:00,Line-A,M1,Night,P3,20,4.3,12.63,25.5,10.17,71.6,31.62,2.444,56.86,34.3,4.699,0,0,0,-0.036,0.326,0.32,0.859,1.302,0.896,1.154,1.192,1.111,-0.407,-1.127,-0.702
2025-10-26 19:28:00,Line-C,M5,Swing,P4,31,7.1,17.15,29.74,17.92,80.19,36.12,3.716,65.17,45.4,4.992,0,0,1,1.328,2.196,1.29,1.827,1.921,1.506,1.603,1.139,1.811,0.186,1.118,0.625
2025-09-13 10:54:00,Line-B,M3,Day,P3,58,2.8,14.64,26.84,4.43,66.74,30.13,0.131,49.0,35.6,4.209,0,0,0,-0.449,0.18,0.645,0.181,-0.47,-1.133,-0.946,-0.771,-1.332,-1.079,-0.955,-1.004
2025-10-20 20:31:00,Line-B,M4,Day,P3,7,5.3,18.64,22.2,11.2,74.36,31.2,,55.6,50.0,4.201,0,0,0,0.431,0.587,0.366,0.207,0.625,-0.371,0.457,-0.286,-0.373,0.645,0.649,0.177
2025-09-15 16:58:00,Line-B,M3,Swing,P2,53,5.5,13.59,23.41,7.92,72.51,29.04,0.177,56.45,43.6,3.838,0,0,0,0.474,0.431,-0.017,0.289,1.253,-0.874,-0.116,-1.324,-0.464,0.056,0.375,-0.053
2025-10-15 05:37:00,Line-A,M4,Day,P2,17,2.1,10.42,22.53,10.54,64.83,25.68,2.288,52.45,38.4,4.06,0,0,0,-0.672,-0.038,-0.144,-0.325,-0.218,0.439,1.439,0.839,0.823,-0.336,-1.541,-1.193
2025-09-15 16:30:00,Line-C,M1,Day,P3,24,4.0,15.02,25.17,5.36,75.29,33.57,0.78,55.29,37.0,3.953,0,0,0,0.83,0.943,1.603,1.109,0.973,-1.428,-0.963,-1.114,-1.049,-0.317,-0.168,-0.062
2025-09-18 17:21:00,Line-A,M2,Day,P3,12,2.7,18.82,23.5,9.89,64.9,28.6,3.06,53.78,26.4,4.313,0,0,0,-0.705,-0.044,-0.689,0.017,-0.744,2.444,1.792,2.17,2.221,-1.172,-1.248,-0.896
2025-09-29 18:48:00,Line-A,M4,Swing,P2,46,7.9,12.24,26.77,4.02,59.19,21.83,1.67,49.14,39.6,3.996,0,0,0,-1.318,-1.341,-0.901,-1.917,-0.428,-0.08,0.31,-0.291,-0.104,-0.788,-1.423,-0.789
2025-09-13 06:45:00,Line-C,M1,Swing,P1,27,4.0,7.0,27.63,10.63,65.85,28.55,2.746,49.39,37.7,3.765,0,0,0,-0.607,-0.26,-0.208,0.221,0.684,1.348,0.53,1.174,0.894,-0.801,-0.862,-1.208
2025-10-30 17:24:00,Line-A,M3,Swing,P1,39,5.7,7.81,21.08,8.87,58.82,24.75,1.96,46.45,39.6,4.313,0,0,0,-1.586,-0.663,-1.033,-1.322,-0.653,-0.346,-0.372,0.288,0.322,-1.522,-1.289,-0.852
2025-09-17 09:19:00,Line-A,M4,Day,P2,41,3.7,12.77,26.7,10.18,75.92,32.85,1.927,55.77,37.7,4.468,0,0,0,0.859,0.653,0.852,0.736,1.01,0.343,0.308,0.127,0.433,-0.47,0.12,-1.426
2025-09-06 16:26:00,Line-A,M3,Day,P1,20,4.2,7.86,28.96,22.85,85.51,39.02,3.555,70.49,32.6,4.793,0,0,0,2.591,2.988,2.465,2.547,3.092,1.174,1.615,1.074,1.72,0.95,1.002,0.91
2025-09-06 02:47:00,Line-C,M2,Day,P4,59,2.4,17.95,22.84,9.11,56.22,25.72,0.975,47.26,51.6,4.061,0,0,0,-0.184,-0.794,-0.632,-0.469,-0.298,-0.05,-0.177,-0.207,-0.282,-0.338,-0.335,-0.693
2025-10-11 10:19:00,Line-A,M1,Night,P2,55,6.0,11.86,28.89,6.97,68.94,30.54,1.382,55.03,35.6,4.461,0,0,0,-0.305,0.843,,0.96,0.151,-0.225,-0.238,-0.377,0.298,-0.272,-1.539,-0.3
2025-10-08 06:14:00,Line-A,M1,Night,P3,26,7.0,15.94,21.24,9.52,68.8,24.67,3.036,57.35,43.9,4.373,0,0,0,-0.398,-0.611,-0.063,-0.164,-0.659,2.072,1.957,1.476,2.169,-0.727,-0.472,-0.834
2025-10-18 00:17:00,Line-A,M5,Day,P1,32,2.6,10.4,30.23,18.24,80.29,35.99,2.298,64.37,38.6,4.533,0,0,0,1.132,1.557,2.073,1.247,2.336,0.304,0.83,0.886,0.644,-0.225,0.091,0.957
2025-09-27 12:57:00,Line-B,M2,Day,P1,21,6.2,9.01,24.04,4.5,71.12,28.83,0.917,53.24,36.7,4.158,0,0,0,0.134,0.597,0.177,0.332,0.042,-0.804,-0.626,-0.521,-0.245,-0.705,-1.058,-1.319
2025-09-17 22:01:00,Line-C,M3,Day,P2,58,6.1,10.51,30.38,12.01,75.45,33.28,2.931,58.95,46.0,4.539,0,0,0,0.587,0.878,1.113,1.079,0.803,0.82,0.924,1.828,1.311,1.24,1.242,0.952
2025-10-04 10:08:00,Line-A,M4,Night,P3,38,5.2,16.65,27.19,5.63,70.83,27.65,1.765,55.11,39.6,4.094,0,0,0,-0.315,0.306,0.062,-0.277,1.07,-0.703,0.29,0.344,0.166,-0.022,-0.585,0.358
2025-10-20 02:04:00,Line-A,M5,Swing,P1,56,5.3,5.29,26.21,7.51,68.54,31.6,2.683,55.93,29.4,4.544,0,0,0,-0.105,-0.517,0.722,0.834,0.775,1.495,1.442,1.27,1.044,-0.753,-1.32,-0.737
2025-09-15 05:26:00,Line-A,M1,Swing,P3,43,6.0,13.64,24.09,5.64,61.79,26.63,2.401,49.8,33.2,4.355,0,0,0,-0.461,-0.634,-0.502,0.235,-0.238,0.677,0.812,0.922,1.353,-1.366,,-1.298
2025-09-15 08:59:00,Line-A,M5,Day,P3,48,4.8,15.17,27.03,17.31,76.78,33.64,1.346,56.5,41.9,4.537,0,0,0,1.425,0.969,1.81,0.857,0.755,-1.074,-0.372,0.287,0.181,-0.112,0.018,-0.824
2025-10-28 16:05:00,Line-A,M2,Night,P2,31,0.2,10.09,27.71,17.55,74.81,31.26,1.979,56.67,38.5,4.485,0,0,0,0.312,0.156,1.051,1.193,1.156,0.27,0.881,0.397,1.123,-0.939,0.585,0.171
2025-10-07 20:28:00,Line-A,M3,Day,P4,21,0.9,18.05,22.66,7.21,65.11,30.74,2.434,53.64,53.2,4.153,0,0,0,-0.42,-0.109,-0.432,-0.119,0.846,1.022,0.905,0.815,0.651,-0.514,,-0.39
2025-10-20 21:21:00,Line-A,M4,Day,P3,57,3.9,16.02,34.89,20.93,83.77,33.47,1.145,58.38,33.3,4.906,0,0,0,1.171,1.648,1.772,2.264,1.792,-1.237,-1.188,-0.525,-1.061,-0.693,-0.618,-0.127
2025-09-10 17:56:00,Line-A,M1,Swing,P3,11,1.2,15.98,19.94,15.16,,29.18,-0.169,50.1,37.0,4.269,0,0,0,-0.002,-0.974,-0.287,-0.354,-0.133,-1.389,-1.384,-1.096,-1.226,-1.002,-1.204,-1.188
2025-10-07 02:26:00,Line-B,M1,Day,P3,16,1.1,15.53,18.7,4.55,62.72,24.17,2.804,52.85,42.5,4.18,0,0,0,-1.273,-0.901,-0.573,-0.855,-0.391,0.951,0.667,1.671,1.582,-1.17,-1.289,-0.811
2025-09-07 17:19:00,Line-A,M3,Day,P4,27,3.9,15.0,28.55,20.35,80.92,34.88,1.795,60.92,40.9,4.639,0,0,0,0.911,1.377,0.541,1.011,1.748,0.399,-0.175,-0.303,0.401,0.08,0.892,0.442
2025-09-18 06:27:00,Line-A,M5,Day,P3,49,0.2,17.67,25.08,9.8,67.5,30.67,2.043,54.77,47.0,4.252,1,1,0,0.122,0.708,0.302,0.397,0.551,0.156,0.054,0.445,-0.258,0.703,0.117,0.321
2025-09-15 16:20:00,Line-A,M5,Day,P1,23,5.7,10.43,19.5,8.37,68.36,33.72,2.735,58.8,38.7,4.201,0,0,0,-0.469,0.456,0.345,0.58,0.301,1.512,1.559,0.803,1.972,0.408,0.506,-0.159
2025-10-31 00:56:00,Line-B,M5,Swing,P4,23,7.0,17.36,17.4,10.01,58.32,21.76,0.948,43.32,34.0,3.827,0,0,0,-1.373,-1.229,-1.825,-1.161,-1.685,-0.59,0.367,-0.061,-0.073,-1.534,-2.543,-1.565
2025-10-19 07:27:00,Line-B,M1,Swing,P1,20,13.3,7.13,20.1,0.0,,28.04,,52.64,30.0,3.943,0,0,0,-0.588,-0.495,-0.249,-0.686,-0.058,0.581,0.282,0.575,1.659,-2.079,-1.465,-2.289
2025-10-14 11:51:00,Line-C,M5,Night,P4,10,3.0,19.73,24.94,7.72,68.42,27.18,1.762,54.53,32.5,4.165,0,0,0,-0.237,0.187,-0.051,-0.351,0.712,-0.223,0.171,0.115,0.153,-1.914,-1.128,-1.288
2025-10-27 00:22:00,Line-A,M1,Night,P3,16,3.6,17.86,24.01,8.23,66.25,29.26,2.411,53.84,37.9,4.765,0,0,0,-0.422,-0.984,,-0.258,-0.234,0.656,0.568,0.664,0.984,-0.939,-0.737,-1.092
2025-10-23 20:35:00,Line-B,M4,Night,P2,27,5.5,11.08,26.32,5.5,68.26,28.37,1.952,52.67,47.9,4.253,0,0,0,-0.743,-0.214,0.235,-0.921,-0.12,0.374,0.051,0.693,0.618,-0.27,-0.098,-0.679
2025-09-12 02:59:00,Line-A,M3,Day,P2,10,0.9,12.93,22.72,8.1,69.18,29.02,1.663,53.16,38.0,3.984,0,0,0,-0.699,0.905,-0.515,0.942,0.005,0.437,0.496,-0.367,0.956,-0.526,-0.196,-0.166
2025-10-13 10:38:00,Line-C,M1,Night,P2,37,4.3,9.74,25.8,12.1,70.08,30.79,1.7,56.63,49.4,4.122,0,0,0,-0.318,-0.239,0.352,-0.365,0.368,0.649,-0.004,0.231,0.716,0.116,0.045,0.351
2025-10-20 08:15:00,Line-B,M2,Day,P1,41,3.9,5.54,25.46,9.92,77.22,29.24,2.611,62.99,38.5,3.721,0,0,0,-0.014,0.615,-0.137,0.724,1.324,1.729,0.593,0.863,1.581,-1.4,-1.002,-0.328
2025-09-26 09:56:00,Line-A,M2,Swing,P3,28,0.3,18.02,24.28,11.1,60.77,23.26,,49.88,42.2,4.028,0,0,0,-1.543,-0.778,-0.844,-0.83,-1.324,-0.386,0.086,-0.375,-1.01,-0.843,0.667,-0.446
2025-09-25 01:45:00,Line-B,M1,Night,P1,44,4.8,10.64,24.96,6.59,64.1,25.88,0.37,49.3,37.4,4.326,0,0,0,-0.861,-1.063,-0.77,-1.748,-0.441,-1.28,-1.053,-0.914,-0.917,-0.903,-0.721,-1.313
2025-10-12 09:36:00,Line-A,M3,Day,P2,41,6.2,11.1,27.39,0.0,65.44,27.48,0.679,45.26,38.8,4.074,0,0,0,-0.622,-0.015,-0.217,-0.455,-1.511,-1.429,-0.728,-0.939,-0.001,-1.593,-0.917,-0.846
2025-10-28 03:19:00,Line-C,M5,Day,P3,28,3.8,18.13,23.82,6.27,70.93,29.82,3.655,58.55,44.4,4.055,1,2,0,0.411,0.254,0.274,0.421,1.049,2.271,1.681,1.823,2.424,0.631,0.24,0.159
2025-09-21 16:26:00,Line-A,M2,Day,P1,5,5.7,8.04,23.56,14.89,76.95,36.07,2.377,61.77,44.5,4.232,1,3,0,0.93,0.958,1.597,1.034,1.979,0.963,0.692,0.511,1.66,0.606,0.484,0.093
2025-09-01 17:52:00,Line-A,M1,Night,P4,21,4.7,20.22,27.82,10.04,,28.09,2.262,53.25,40.6,4.727,0,0,0,-0.029,-0.42,0.173,-0.207,-0.339,-0.143,0.9,0.977,1.097,-1.215,-1.24,-1.079
2025-10-04 17:01:00,Line-A,M1,Swing,P1,55,5.2,8.28,31.12,6.22,,29.86,1.237,55.64,40.1,4.463,0,0,0,0.9,0.867,0.502,0.512,-0.398,0.159,0.312,0.261,0.474,-0.893,-1.278,-0.422
2025-10-15 14:19:00,Line-B,M1,Day,P1,21,4.7,9.11,21.57,7.18,68.17,30.77,2.082,58.56,43.2,4.257,0,0,0,0.075,0.018,0.314,0.664,0.39,0.113,0.933,0.625,0.864,0.261,0.724,0.204
2025-09-13 22:18:00,Line-B,M2,Day,P1,46,2.7,9.71,24.98,9.05,66.86,28.83,0.728,52.93,50.1,4.134,0,0,0,-0.495,-0.289,0.414,0.783,0.063,-0.341,-0.892,-0.239,-0.622,0.337,2.152,-0.416
2025-09-15 10:20:00,Line-B,M5,Night,P3,25,3.4,13.95,27.03,21.31,78.61,35.8,1.918,59.09,39.2,3.97,0,0,0,0.549,0.457,0.91,1.375,0.919,-0.419,0.657,-0.369,-0.183,0.286,0.1,0.253
2025-09-18 13:24:00,Line-A,M5,Day,P2,21,2.3,12.2,28.39,23.11,84.52,37.28,0.301,60.5,49.4,4.161,0,0,0,2.081,1.745,1.824,2.292,2.127,-1.595,-1.686,-1.772,-1.629,1.367,1.641,0.666
2025-09-13 11:27:00,Line-B,M5,Day,P3,36,4.3,12.93,21.74,6.51,58.23,24.03,1.254,49.34,30.8,3.737,0,0,0,-1.15,-1.612,-1.221,-0.612,-0.868,-0.735,-1.303,-0.754,-0.571,-1.53,-2.445,-2.307
2025-09-06 23:24:00,Line-B,M3,Day,P2,12,6.2,14.09,23.85,13.96,73.5,29.52,3.716,61.81,40.4,4.145,0,0,0,0.254,-0.016,1.25,0.654,1.524,2.143,2.515,2.465,1.923,-0.072,-0.399,1.215
2025-10-01 17:50:00,Line-B,M4,Day,P1,30,7.2,9.63,29.43,4.98,74.46,34.91,1.876,54.28,42.0,4.607,0,0,0,-0.001,0.574,0.421,0.954,0.601,-0.61,0.092,0.759,-0.087,1.708,0.442,0.776
2025-10-27 17:22:00,Line-A,M2,Day,P1,17,5.0,7.91,20.8,4.63,59.21,23.52,2.595,44.6,42.4,3.842,0,0,0,-1.344,-1.721,-0.912,-1.242,-0.97,1.058,1.03,1.58,1.406,-0.48,-0.764,-0.927
2025-10-16 17:52:00,Line-B,M3,Day,P1,12,3.9,9.39,24.97,19.45,73.54,33.01,2.641,60.06,41.1,4.167,0,0,0,0.326,0.675,1.126,0.85,1.188,1.215,0.498,0.589,1.145,0.664,-0.037,-0.176
2025-09-16 14:03:00,Line-A,M1,Day,P3,35,5.4,14.09,26.67,4.36,64.14,26.31,2.256,51.29,46.3,3.794,0,0,0,-0.779,-0.71,-0.586,-0.485,-0.56,0.863,0.276,0.206,0.894,-0.022,0.044,-0.242
2025-10-06 01:55:00,Line-C,M5,Day,P3,32,3.5,14.22,24.86,8.11,70.37,32.12,,53.85,51.9,4.164,0,0,0,-0.207,-0.108,-0.046,0.679,0.486,0.98,1.005,0.946,0.55,0.684,0.052,0.714
2025-10-14 12:41:00,Line-A,M5,Night,P1,58,0.7,6.94,30.35,22.12,84.03,,2.648,61.06,54.6,4.038,0,0,0,0.711,1.467,1.909,1.123,2.063,0.65,0.149,0.646,0.579,2.038,1.331,0.747
2025-09-26 13:31:00,Line-C,M4,Night,P2,32,4.5,10.92,29.41,15.08,72.94,27.8,3.448,57.12,41.1,4.204,1,5,0,-0.208,-0.518,-0.44,0.085,0.618,1.657,2.079,1.89,1.436,-0.568,,0.131
2025-10-13 02:24:00,Line-A,M2,Night,P1,36,4.1,7.3,62.30105804152909,14.76,62.05,25.6,1.902,49.26,42.0,4.31,0,0,0,-1.329,-1.261,-1.413,-1.132,-0.272,0.852,0.167,0.484,-0.048,-1.213,-1.593,-1.423
2025-09-29 08:45:00,Line-B,M1,Swing,P3,29,3.8,16.32,24.4,9.04,67.63,27.72,1.15,52.59,35.8,3.944,0,0,0,-0.235,0.235,,0.334,0.351,0.018,0.153,0.24,-0.084,-0.253,-1.175,-1.391
2025-10-28 12:49:00,Line-B,M2,Swing,P3,43,4.0,16.4,31.23,18.74,78.54,35.29,1.75,59.46,44.2,4.615,0,0,0,0.984,1.758,2.103,1.691,2.448,-0.822,-0.343,-0.021,-0.502,1.19,0.572,0.225
2025-09-20 15:40:00,Line-C,M1,Day,P2,19,4.4,15.24,23.78,7.76,65.95,25.02,2.35,53.56,45.9,4.104,0,0,0,-0.74,-0.375,-0.514,-0.567,-0.261,0.399,0.572,1.051,0.533,-0.629,-0.605,-0.948
2025-10-20 14:59:00,Line-B,M2,Day,P2,19,5.3,12.64,25.62,8.47,72.46,31.89,1.697,56.98,34.7,4.179,0,0,0,0.578,0.763,,0.8,1.29,-0.078,-0.034,-0.168,0.022,-0.723,-0.536,0.138
2025-10-23 17:51:00,Line-C,M4,Swing,P3,36,0.3,14.38,22.13,8.2,61.8,28.99,2.948,53.17,44.2,4.489,0,0,1,-0.791,-0.993,-0.219,-0.003,0.717,1.376,1.545,1.825,2.126,-1.175,-1.299,-0.515
2025-09-10 16:07:00,Line-B,M1,Swing,P4,15,6.4,14.9,19.29,6.77,65.6,22.73,2.096,50.05,42.9,3.887,0,0,0,-0.885,-0.718,-1.169,-0.564,-0.077,0.552,1.363,1.335,0.872,-0.435,-0.342,-0.676
2025-10-19 04:38:00,Line-C,M3,Swing,P4,13,4.7,16.53,23.13,5.07,66.06,27.71,2.55,54.53,45.4,4.232,0,0,0,-0.792,-0.036,-0.068,-0.329,-0.827,0.849,1.073,1.818,1.655,-0.026,-0.646,-1.231
2025-10-27 09:26:00,Line-A,M5,Day,P1,35,5.0,6.87,28.65,17.68,78.41,34.17,1.55,58.67,36.2,4.644,0,0,0,1.987,1.422,,1.863,1.334,-0.958,-0.626,-0.596,-0.665,0.53,0.276,0.903
2025-09-19 04:23:00,Line-A,M5,Swing,P2,14,8.6,13.86,25.89,18.67,,32.69,1.418,57.95,42.3,4.436,0,0,0,1.042,1.831,0.624,2.017,1.469,0.332,0.628,0.062,0.634,0.911,0.985,0.902
2025-09-06 00:19:00,Line-B,M4,Day,P4,27,4.9,14.75,27.38,10.52,70.29,30.63,0.97,56.87,48.4,4.577,0,0,0,1.128,0.541,0.585,0.703,0.857,-0.8,-0.45,-0.694,-0.112,1.393,0.809,0.9
2025-09-16 10:38:00,Line-C,M3,Night,P3,28,2.6,11.85,22.8,7.08,67.52,29.93,1.819,52.14,38.9,3.692,1,4,0,-0.167,0.157,-0.217,-0.339,0.154,-0.003,0.488,0.319,0.318,-0.709,-0.86,-1.335
2025-10-04 15:19:00,Line-B,M3,Swing,P1,26,4.3,6.58,23.3,2.69,63.46,24.62,3.055,51.15,38.1,4.264,0,0,0,-1.021,-0.732,-0.411,-0.82,-0.042,1.42,1.194,1.515,1.955,-0.973,-0.973,-1.422
2025-09-06 20:27:00,Line-B,M3,Day,P3,24,3.6,13.34,21.72,2.72,58.68,19.61,1.398,46.45,31.8,3.504,0,0,0,-1.619,-1.672,-1.182,-1.052,-0.913,-0.112,0.108,-0.234,-0.452,-1.499,-2.209,-2.05
2025-09-10 01:25:00,Line-A,M1,Swing,P2,46,4.7,7.85,20.89,5.04,66.49,24.72,0.15,45.54,39.9,3.965,0,0,0,-0.772,-0.739,-0.846,-1.111,-0.654,-0.373,-1.18,-0.879,-0.443,-1.414,,-1.843
2025-09-24 23:39:00,Line-B,M1,Day,P3,8,8.3,16.96,20.33,4.38,60.12,23.94,1.053,48.42,38.0,4.104,0,0,0,-1.839,-0.561,-0.74,-0.815,-0.894,-0.026,-0.618,-0.84,-0.903,-1.589,-1.624,-1.377
2025-10-04 15:26:00,Line-B,M2,Day,P3,43,4.8,16.41,31.21,17.28,73.12,35.19,0.583,59.96,46.4,4.277,0,0,0,0.778,1.023,1.048,0.917,1.177,-1.088,-1.644,-1.329,-1.774,0.302,0.606,0.928
2025-10-02 02:14:00,Line-A,M4,Swing,P3,48,3.4,11.49,25.99,2.24,64.12,29.54,0.181,51.24,39.5,4.106,0,0,0,-0.61,-0.533,-0.215,-0.343,-0.248,-0.77,-0.395,-0.155,-0.668,-1.439,-0.25,-0.661
2025-09-24 09:41:00,Line-B,M4,Night,P3,49,2.6,13.2,30.24,11.14,74.71,29.34,2.59,57.07,47.9,4.411,0,0,0,1.031,0.279,0.451,0.353,0.438,0.614,0.963,1.711,0.947,0.995,1.619,0.555
2025-10-12 00:34:00,Line-B,M1,Day,P2,20,3.2,9.12,25.74,19.76,82.04,34.61,3.075,64.28,48.3,4.587,0,0,1,1.665,1.443,1.635,1.011,1.743,1.047,1.086,1.698,0.767,0.946,0.345,-0.179
2025-10-23 09:38:00,Line-C,M3,Night,P2,45,6.0,9.84,27.86,13.24,74.68,30.58,1.337,56.68,50.4,4.177,0,0,1,0.665,0.392,0.782,0.763,0.81,-0.539,-0.112,-1.045,0.198,1.008,-0.505,1.517
2025-09-15 04:27:00,Line-A,M2,Day,P3,29,4.9,14.88,25.1,7.42,,31.37,1.27,54.84,30.3,4.341,0,0,0,0.372,-0.032,0.344,-0.091,0.468,-0.48,-0.565,0.129,-0.123,-0.366,-1.256,-0.714
2025-10-19 20:17:00,Line-A,M5,Swing,P3,47,6.5,15.6,28.33,10.09,71.2,32.38,1.537,58.17,35.2,4.776,0,0,0,0.523,0.596,0.492,0.393,0.715,-0.091,-0.682,-0.643,-0.12,-0.83,-0.763,-0.815
2025-10-26 19:17:00,Line-C,M4,Day,P2,24,7.5,12.15,22.12,3.59,63.75,28.2,,54.53,26.7,4.102,0,0,0,-0.602,-0.65,-0.651,-0.221,-0.098,-0.331,-0.886,0.466,0.501,-0.482,-1.949,-1.676
2025-10-12 12:30:00,Line-C,M5,Day,P3,22,5.6,14.51,22.8,12.8,72.36,31.16,0.642,51.77,44.5,4.565,0,0,0,0.835,0.331,0.473,0.336,0.356,-0.519,-1.112,-0.262,-0.242,-0.332,-0.54,0.24
2025-09-10 18:48:00,Line-A,M4,Swing,P3,13,8.0,17.58,22.68,8.8,62.98,29.7,4.385,56.53,55.4,4.941,0,0,1,-0.582,-0.456,-0.452,-0.521,-0.153,2.218,2.196,2.237,3.3,0.292,1.204,0.207
2025-09-11 09:20:00,Line-A,M2,Night,P1,52,6.8,6.01,30.37,9.32,69.48,27.55,1.731,53.74,39.6,4.455,0,0,0,0.045,-0.435,0.31,0.308,0.175,1.382,-0.337,-0.344,0.516,-1.277,-0.559,-0.433
2025-10-26 10:26:00,Line-C,M3,Swing,P1,24,2.4,8.69,27.28,4.56,67.31,27.97,2.808,53.28,42.5,4.453,0,0,0,-0.021,0.016,0.038,-0.421,0.204,1.313,2.006,1.653,2.186,-0.237,-0.46,0.156
2025-09-01 23:37:00,Line-B,M3,Night,P2,44,1.3,12.53,32.7,14.74,73.7,29.92,1.973,56.01,52.3,4.436,0,0,0,-0.09,0.37,0.508,1.261,0.287,0.168,0.373,0.616,0.177,0.927,0.715,1.065
2025-09-02 12:15:00,Line-A,M4,Day,P1,21,7.1,7.21,32.25,13.29,74.03,34.87,1.62,61.11,37.5,5.266,0,0,0,1.117,1.198,0.931,0.923,1.457,-0.387,-0.178,-0.491,-0.825,0.547,-0.012,0.258
2025-09-14 23:43:00,Line-A,M2,Night,P2,54,7.2,15.01,34.4,20.64,82.97,38.27,2.513,59.86,39.6,4.895,1,5,0,1.671,1.581,1.765,1.734,1.76,0.956,-0.112,0.349,0.353,0.101,-0.197,0.435
2025-10-22 12:56:00,Line-B,M1,Night,P2,32,7.3,11.22,20.7,8.57,62.37,26.57,1.067,49.96,42.2,4.195,0,0,0,-1.229,-1.434,-1.419,-0.813,-0.068,0.223,-0.219,0.049,-0.045,-0.945,-0.654,-0.489
2025-10-14 02:21:00,Line-B,M1,Swing,P3,25,3.5,15.31,24.3,8.4,,25.8,0.826,50.27,36.3,3.825,0,0,0,-0.706,-0.215,0.418,0.187,0.12,-0.276,-0.541,0.07,-0.57,-0.968,-0.453,-0.857
2025-09-29 21:39:00,Line-B,M4,Day,P4,56,5.2,13.26,25.39,4.6,71.73,30.61,3.032,55.91,32.8,4.887,0,0,0,0.441,0.117,-0.024,0.519,0.664,0.819,1.41,1.293,1.529,-0.71,-0.239,-1.182
2025-10-16 11:48:00,Line-A,M5,Swing,P2,16,8.9,11.39,21.04,0.59,,26.37,1.081,48.29,33.1,3.808,0,0,0,-0.928,-1.099,,-0.523,-0.683,-1.36,-0.532,-0.83,-0.415,-2.262,-1.956,-2.336
2025-10-02 07:42:00,Line-C,M2,Swing,P1,55,4.3,6.12,23.68,5.25,58.04,24.04,1.454,46.72,46.5,4.136,0,0,0,-0.911,-0.791,-0.561,-0.596,-0.074,0.243,0.879,-0.028,0.078,-0.974,-1.87,-1.306
2025-09-02 23:59:00,Line-A,M3,Swing,P2,47,6.1,10.65,30.47,3.12,75.0,35.32,2.578,60.47,33.6,4.802,0,0,0,1.035,0.65,1.244,0.462,1.684,1.209,1.023,0.887,1.025,0.243,-0.172,0.59
2025-10-27 10:49:00,Line-A,M2,Night,P1,40,4.8,8.17,25.38,5.89,69.67,27.6,1.533,54.39,39.9,4.059,0,0,0,-0.291,0.284,-0.168,-0.156,0.219,0.44,0.14,1.17,0.859,-1.043,-1.598,0.243
2025-10-24 16:23:00,Line-A,M5,Night,P4,13,10.2,19.87,20.0,5.27,64.47,24.2,2.755,53.78,44.4,3.933,0,0,0,-0.596,-1.864,-0.22,0.165,-0.001,1.264,0.716,1.256,0.542,-0.636,-0.239,-0.37
2025-09-24 20:32:00,Line-B,M1,Day,P3,57,2.4,17.09,27.05,9.18,68.27,27.99,2.41,50.96,32.5,4.44,0,0,0,0.078,0.073,-0.215,0.111,0.476,0.977,2.045,1.14,1.362,-1.316,-0.754,-1.678
2025-09-28 11:58:00,Line-A,M4,Swing,P1,17,1.6,4.77,26.93,6.72,68.24,31.46,-0.55,51.07,42.8,4.626,0,0,0,-0.01,0.522,0.174,0.092,0.48,-1.475,-1.228,-1.572,-1.708,0.808,0.317,-0.423
2025-09-06 13:46:00,Line-C,M1,Swing,P1,33,2.3,9.41,26.11,7.95,,30.89,1.345,50.69,43.1,4.704,0,0,0,0.17,1.219,0.514,0.359,0.639,0.677,-0.007,-0.104,0.37,-0.442,-0.608,-1.149
2025-10-25 04:33:00,Line-B,M5,Swing,P3,39,4.6,13.56,22.66,8.06,66.36,27.86,0.348,47.84,44.9,4.221,0,0,0,-1.126,-0.537,-0.356,-0.194,-0.631,-0.648,-0.607,-1.161,-1.11,-1.034,-0.087,0.105
2025-09-06 21:39:00,Line-B,M2,Swing,P1,28,3.9,9.49,29.2,8.84,70.85,32.64,2.707,58.52,42.0,4.5,0,0,0,0.358,0.23,1.047,0.553,0.777,1.146,2.056,1.344,1.084,-0.254,0.53,-0.495
2025-10-24 05:57:00,Line-C,M1,Day,P2,35,5.4,12.63,22.05,9.28,72.44,30.33,1.544,57.32,33.1,4.442,0,0,0,-0.115,0.423,0.149,-0.253,-0.093,0.082,0.433,0.569,0.601,-0.874,,-1.24
2025-09-23 11:09:00,Line-B,M1,Day,P1,21,3.7,9.62,27.03,18.29,,30.89,3.163,60.59,36.0,4.404,0,0,0,0.816,1.039,1.26,0.241,1.46,1.688,1.423,1.178,0.87,-0.392,0.178,-0.089
2025-10-09 02:13:00,Line-A,M2,Swing,P3,59,7.0,14.2,32.55,15.77,73.25,31.47,3.487,60.49,37.1,4.677,1,2,0,0.733,0.992,0.468,1.03,1.511,1.811,2.071,1.538,1.326,0.564,0.214,1.025
2025-10-26 09:32:00,Line-B,M3,Night,P4,7,1.5,16.57,22.02,7.92,67.67,,1.482,54.99,45.7,4.288,0,0,0,-0.597,-0.215,-0.189,-0.023,0.557,-0.26,0.37,-0.741,-0.004,-0.15,0.281,-0.183
2025-09-30 06:38:00,Line-B,M3,Swing,P1,40,4.8,8.29,22.37,7.63,59.34,25.47,2.01,47.64,45.0,4.405,0,0,0,-0.737,-1.158,-1.34,-2.274,-0.522,0.641,0.866,0.696,0.657,-0.74,-0.48,-0.252
2025-10-06 01:52:00,Line-B,M2,Swing,P1,30,4.1,5.91,19.38,7.66,58.56,24.74,1.189,49.12,38.0,4.292,0,0,0,-1.841,-1.225,-1.156,-1.102,-0.893,0.468,0.205,0.675,0.149,-1.559,-1.426,-1.258
2025-09-16 08:23:00,Line-A,M1,Night,P3,41,4.1,12.65,27.71,10.79,67.04,26.07,,52.08,43.1,4.799,0,0,0,-0.188,-0.111,0.699,-0.077,0.539,0.689,0.031,1.303,0.571,0.193,0.253,-1.118
2025-09-17 22:53:00,Line-C,M1,Day,P1,5,9.5,8.81,24.24,5.46,70.76,31.07,2.151,56.64,47.2,4.178,0,0,0,0.275,0.11,0.605,0.171,0.41,1.04,0.455,0.986,0.879,-0.862,-0.032,0.067
2025-09-14 07:44:00,Line-A,M4,Swing,P2,31,5.0,11.71,28.76,3.96,,32.52,2.319,58.53,45.7,4.136,0,0,0,1.077,1.155,0.989,0.923,1.177,0.539,0.807,0.503,0.173,-0.002,-0.122,0.803
2025-09-02 10:18:00,Line-A,M5,Night,P1,18,5.5,9.45,25.68,16.65,72.01,32.05,,53.84,34.9,4.183,0,0,0,0.631,0.649,0.207,0.54,1.21,-1.313,-1.122,-1.427,-0.698,-0.359,,-1.115
2025-10-23 13:41:00,Line-A,M3,Swing,P3,52,0.3,14.52,29.79,12.67,67.85,32.79,2.319,57.52,48.3,4.839,0,0,0,0.27,0.508,0.516,1.235,0.708,0.848,1.447,0.455,0.768,0.532,0.599,0.46
2025-09-24 03:20:00,Line-C,M1,Swing,P2,35,0.6,14.18,25.53,11.54,68.72,,3.269,55.99,38.3,4.259,0,0,0,-0.304,0.161,-0.254,0.777,0.852,1.914,2.238,1.757,2.191,-0.924,-1.086,-1.795
2025-10-18 12:11:00,Line-A,M3,Day,P2,20,4.1,11.24,27.25,14.95,81.02,32.75,3.473,58.5,36.7,4.769,0,0,0,0.235,1.466,0.997,0.895,1.194,1.717,1.441,1.301,1.591,-0.29,-0.602,-0.176
2025-10-03 21:22:00,Line-A,M4,Day,P3,39,4.2,15.28,24.81,9.07,70.92,,0.709,50.16,43.1,4.21,0,0,0,0.821,1.166,1.157,1.212,1.164,-0.502,-1.05,-0.636,-0.855,-0.672,-0.992,-0.584
2025-09-10 08:11:00,Line-A,M4,Day,P2,8,5.9,13.47,22.47,4.85,66.5,24.7,3.42,54.48,45.2,3.864,0,0,0,-0.563,-0.948,-0.23,-0.32,-0.323,1.912,2.16,2.031,3.008,-0.242,-0.278,-0.593
2025-10-12 01:29:00,Line-C,M5,Swing,P1,5,3.5,6.4,23.91,21.45,84.19,36.13,2.496,64.46,38.1,4.458,0,0,0,2.114,2.154,2.023,2.248,2.237,0.835,0.999,0.036,0.761,0.541,1.915,1.077
2025-10-16 16:47:00,Line-A,M1,Day,P3,59,8.6,16.84,28.84,15.49,76.97,35.76,0.95,58.51,36.1,4.548,0,0,0,1.034,1.179,0.926,2.039,1.742,-0.607,-0.544,-0.747,-1.432,-0.109,0.363,1.17
2025-10-15 14:27:00,Line-C,M3,Night,P1,36,4.6,6.14,23.96,6.97,70.81,29.63,2.447,56.17,35.9,4.08,0,0,0,0.254,0.188,-0.242,0.453,0.325,1.096,0.475,0.831,0.468,-0.379,-0.617,-0.99
2025-10-14 03:23:00,Line-A,M1,Day,P4,56,0.6,20.02,25.16,9.87,69.21,30.65,2.112,55.7,38.4,4.087,0,0,0,0.193,0.006,0.659,0.583,1.258,0.418,1.068,0.295,0.661,-0.248,-0.384,0.451
2025-10-22 23:53:00,Line-A,M3,Swing,P1,46,8.4,6.47,33.45,21.59,78.94,40.01,2.848,61.22,32.7,4.842,0,0,1,1.991,1.742,2.15,1.241,1.673,1.062,0.566,1.05,0.913,0.5,-0.158,-0.803
2025-10-06 05:10:00,Line-B,M4,Night,P1,12,4.4,16.18,15.89,12.36,64.19,25.84,1.253,47.19,41.2,4.135,0,0,0,-0.353,-0.282,-1.035,-0.763,-0.397,-0.702,-0.25,-0.453,-0.209,-0.778,-1.292,-1.694
2025-09-03 14:14:00,Line-A,M1,Day,P1,30,7.1,9.85,26.93,7.46,70.74,29.73,3.944,59.06,36.4,4.816,0,0,0,0.499,0.286,0.701,0.645,0.737,2.484,2.175,1.919,2.831,-0.203,-0.283,-0.147
2025-10-24 07:12:00,Line-A,M2,Day,P4,5,2.5,17.2,26.29,21.42,74.46,34.67,2.149,61.27,35.6,4.456,0,0,0,1.024,0.396,1.405,0.952,1.255,-0.046,-0.145,0.152,0.305,0.011,-0.273,-0.652
